accel_x_mean,accel_x_std,accel_x_min,accel_x_max,accel_x_rms,accel_x_p05,accel_x_p25,accel_x_p50,accel_x_p75,accel_x_p95,accel_x_range,accel_y_mean,accel_y_std,accel_y_min,accel_y_max,accel_y_rms,accel_y_p05,accel_y_p25,accel_y_p50,accel_y_p75,accel_y_p95,accel_y_range,accel_z_mean,accel_z_std,accel_z_min,accel_z_max,accel_z_rms,accel_z_p05,accel_z_p25,accel_z_p50,accel_z_p75,accel_z_p95,accel_z_range,accel_mag_mean,accel_mag_std,accel_mag_min,accel_mag_max,accel_mag_rms,accel_mag_p05,accel_mag_p25,accel_mag_p50,accel_mag_p75,accel_mag_p95,accel_mag_range,gyro_x_mean,gyro_x_std,gyro_x_min,gyro_x_max,gyro_x_rms,gyro_y_mean,gyro_y_std,gyro_y_min,gyro_y_max,gyro_y_rms,gyro_z_mean,gyro_z_std,gyro_z_min,gyro_z_max,gyro_z_rms,gyro_mag_mean,gyro_mag_std,gyro_mag_min,gyro_mag_max,gyro_mag_rms,jerk_mean,jerk_std,jerk_min,jerk_max,jerk_rms,jerk_p05,jerk_p95,jerk_range,strong_accel_count,strong_accel_ratio,accel_peak_deviation,accel_energy,gyro_energy,jerk_energy,label,source_file,window_start,window_end,stage1_label,prediction,anomaly_probability,source_type
0.0523482310799999,0.6687566348982352,-1.170560718,1.570044577,0.67080233602576,-0.96147702915,-0.48503671975,0.053895667,0.49196996025,1.36704550045,2.3285225296,-0.0248649120399999,0.5218074369414735,-1.264612675,1.448066235,0.5223995263188768,-0.8133158205000001,-0.4046860935,-0.0114285944999999,0.250896096,0.8717267032999996,1.6850425237999995,-0.04399357489,0.5638708762866357,-1.3128483,2.008711338,0.5655844762330916,-0.8054458411500001,-0.46373002975,-0.0736743434999999,0.3020990525,0.7015051631999996,1.5069510043499996,0.9246949409488496,0.4332460098549865,0.0802331328237737,2.324942789773805,1.0211575974704707,0.3061436753016378,0.6415680988488709,0.8802927737212607,1.1631472180540996,1.789309555062932,1.4831658797612943,-0.0236865843599999,0.080748720562964,-0.182953998,0.210748348,0.0841511149729999,0.0184789652599999,0.062523000139129,-0.090255272,0.195262924,0.0651966080672745,0.01612438681,0.1054801121526998,-0.485026635,0.154396076,0.1067054352399381,0.1254660235003365,0.0835244557685622,0.0180114490873335,0.5161820022997975,0.1507251066160561,0.0075670161774938,0.4440476064103451,-1.4283420194330527,1.2199727278611947,0.4441120764993756,-0.7291920231473774,0.6800626409832815,1.409254664130659,5,0.05,1.400247848824956,104.2762838871664,2.27180577644215,19.72355364925873,NORMAL,48.csv,14.18,15.18,NORMAL,ANOMALY,0.5111604938271604,ANOMALY_RECORDING_SAFE_REGION
0.0251303279027343,2.037253925213677,-3.928903818130493,4.897999286651611,2.0374089155540265,-2.699804401397705,-1.4862361997365952,-0.2114462479948997,1.5141060948371887,3.596616435050964,6.29642083644867,-0.0494856548309326,1.9869792281338328,-4.562569856643677,4.20499324798584,1.9875953519439944,-2.715647006034851,-1.627714455127716,-0.0514736175537108,1.4743887186050415,3.57902181148529,6.294668817520141,-0.2134523007273674,1.4225112188362194,-4.044360160827637,2.872313976287842,1.438436669582889,-2.756639134883881,-1.1272038966417313,-0.2266589105129242,0.7634645402431488,1.8474625587463367,4.604101693630217,2.892632499731876,1.3428878010258478,0.4120428730104986,6.434763384533496,3.189148855831147,0.9041361471764836,1.77628225284138,2.869641751130369,3.801492447447089,5.17740913753072,4.273272990354236,0.0170287721276108,0.1683603804212455,-0.3999637141823768,0.494495041668415,0.1692193747056187,-0.0157471777824903,0.0895101331110921,-0.2420551627874374,0.2327394858002662,0.0908847486527789,-0.0057311334710902,0.1664308462547729,-0.4621497452259063,0.3466352224349975,0.166529494312399,0.2246563285604595,0.1189825232003322,0.0403971147173967,0.5939380267274073,0.2542190134301184,0.0216730782766672,1.1489726120936137,-3.613212628446245,2.4944230833595227,1.1491770036261637,-1.755436707840656,1.7406259294989364,3.496062637339592,3,0.03,3.54213088480162,1017.0670424649117,6.462730678938272,132.06077856632078,NORMAL,95.csv,158.59,159.59,NORMAL,ANOMALY,0.8551621575224359,ANOMALY_RECORDING_SAFE_REGION
0.3010847251117229,0.9964827697637124,-2.36369252204895,2.640327572822571,1.0409754666328892,-1.2001470446586608,-0.3312574867159128,0.2106311842799186,1.0243167728185654,2.0423064231872554,3.242453467845916,0.0235349702835082,0.4618595331926349,-1.2783255577087402,1.3449010848999023,0.4624587800303549,-0.6611279249191284,-0.2758270502090454,0.0166902542114257,0.3103506565093994,0.7856646299362182,1.4467925548553466,0.069239147901535,0.898957352268401,-2.1666663885116577,2.390798807144165,0.9016198649095664,-1.7446082830429075,-0.4773200750350952,0.0666504502296446,0.6623275056481361,1.490941898524761,3.2355501815676684,1.3057113441705654,0.6368157597473275,0.153895650038187,3.121188426616269,1.4527272373567826,0.4686911916216522,0.8472094366037247,1.2557875747303815,1.596972076149649,2.5685696054268736,2.0998784138052216,-0.0025521931021794,0.0957330258366582,-0.23964224755764,0.2737285047769546,0.095767039870057,-0.1983270244244485,0.0604597609359829,-0.3685652613639831,-0.0755945168435573,0.2073378675242224,0.0295924280247127,0.0689853847560069,-0.0806036069989204,0.3123046159744262,0.0750646062157933,0.2305896611979387,0.0679957387629333,0.1046278774668021,0.4564092818922077,0.240405932417021,-0.0075347786777167,0.6791910194539749,-2.468085970209587,1.71885721057757,0.6792328126619414,-1.071405241833559,1.097050567128753,2.168455808962312,5,0.05,1.815477082445704,211.041642615827,5.779501234129726,46.13572137966519,NORMAL,95.csv,164.09,165.09,NORMAL,ANOMALY,0.5907049420014548,ANOMALY_RECORDING_SAFE_REGION
-0.00378825335,1.2416355957230234,-2.943840265,2.643566608,1.2416413747253716,-2.01218032495,-0.93987875425,0.239693731,0.92282395075,1.8295703289,3.84175065385,0.05399973027,0.926265145240034,-2.346684217,2.829837799,0.9278378576862304,-1.4158440113,-0.382352114,0.0067858695,0.5408090354999999,1.68971819905,3.10556221035,-0.0030791353699999,0.971340189480815,-2.590506077,2.220420837,0.9713450698774624,-1.6437751351499998,-0.65537785775,0.054383874,0.66329074675,1.3127236725999996,2.956498807749999,1.6814050927988198,0.7203780620418211,0.3449668231999671,3.951528805763665,1.8292259670037865,0.6273195895055471,1.2098758212022207,1.5934070050767422,2.190805374174424,2.85484339119382,2.227523801688273,-0.0041679303499999,0.1349927120542247,-0.391869754,0.450909841,0.1350570396208848,0.00320093115,0.0818050723314047,-0.322383888,0.257632215,0.0818676726148569,0.0246361765,0.0881763480192015,-0.151005773,0.223576512,0.0915533153006624,0.1595051024487453,0.088785424512633,0.0417690046732023,0.4717365370068203,0.1825506212344214,0.0276690709098987,1.003836535139478,-2.190212501598648,2.387622501635842,1.0042177885129548,-1.6926595210209736,1.652088740112618,3.3447482611335912,3,0.03,2.2701237129648453,334.6067638360937,3.332472931307318,100.84533667658496,NORMAL,22.csv,0.09,1.09,NORMAL,ANOMALY,0.5116529991693947,ANOMALY_RECORDING_SAFE_REGION
0.4720776368491352,0.7710978627462912,-1.6465029120445251,2.116196930408478,0.9041289781579628,-0.7240254238247871,-0.085658686235547,0.4772211909294128,1.0716716051101685,1.6718563437461853,2.3958817675709723,0.0629884219169616,0.6512338832431084,-1.5941786766052246,1.858898639678955,0.6542729644265363,-1.1754006743431091,-0.3110600709915161,0.0515792369842528,0.418527603149414,1.0871819019317623,2.2625825762748715,0.4028695377707481,0.7336675536774352,-1.065072476863861,2.2638848423957825,0.8370017585302009,-0.7583562672138214,-0.1119160652160643,0.3847404718399048,0.9466036558151244,1.5702436804771416,2.328599947690963,1.2756969284283468,0.5645277776208887,0.1957243199664465,2.637279316475582,1.3950248259106712,0.4805501114332293,0.771373880947497,1.2575554325245453,1.6327325921518343,2.2897975045584817,1.8092473931252524,-0.002649014913768,0.0869781487955238,-0.189673513174057,0.2191477455198764,0.0870184787726701,-0.0689128774372511,0.0611249625045394,-0.2237292267382145,0.0844520581886172,0.0921153934902465,0.0064412636384295,0.0498931063773566,-0.1085201278328895,0.150853057205677,0.050307175842438,0.1270660893446911,0.0494214755512373,0.0226895366497823,0.2571420181281221,0.1363388180490595,-0.0088235652078298,0.7473098277334792,-1.80544525524044,1.8179934402529396,0.7473619162962608,-1.3286702021527854,1.4175119012434347,2.74618210339622,3,0.03,1.3615823880472353,194.60942649070984,1.8588273307014571,55.85498339300192,NORMAL,95.csv,187.09,188.09,NORMAL,ANOMALY,0.5952883470310988,ANOMALY_RECORDING_SAFE_REGION
-0.3145327423512936,1.095477604721074,-2.8021408319473267,2.558492422103882,1.139737701603508,-2.125907748937607,-1.0888952352106571,-0.3302496746182441,0.5278425626456738,1.314042614400386,3.439950363337993,-0.0594837975502014,1.0383496320300372,-2.415455818176269,3.3666634559631348,1.0400520566336606,-1.5188527345657348,-0.7431631088256836,-0.1313786506652831,0.6413782835006714,1.6528607606887813,3.171713495254516,0.1057306206226348,1.2712610047910051,-3.053240299224853,3.559310913085937,1.2756502288791722,-1.954877066612244,-0.7424555122852325,0.092271864414215,0.832847498357296,2.5431815743446347,4.498058640956879,1.85924186605523,0.7424375387272016,0.3378061871336265,3.847776885246408,2.001997456392949,0.6769512992740632,1.362208247546996,1.7899582447050804,2.308916849957293,3.292594326312278,2.6156430270382147,0.0016679666896379,0.1912099872540295,-0.6123919367790223,0.4526508003473282,0.1912172621354146,0.0184866008654935,0.0898261183836262,-0.2240346595644951,0.234724786132574,0.0917087016341922,-0.0044816095130954,0.0809343230305506,-0.2707658141851425,0.1499673053622245,0.0810583090635463,0.1970779690377275,0.1127175713107724,0.0167414288350578,0.6275275954473458,0.2270351883788822,0.0009431243052555,0.8950813016476374,-2.5978132148589363,2.01621281584577,0.895081798520495,-1.3125895727418169,1.6075588157351255,2.9201483884769424,4,0.04,1.9885350191911777,400.7993815403838,5.154497676223457,80.1171426042684,NORMAL,95.csv,4.09,5.09,NORMAL,ANOMALY,0.5158267389756868,ANOMALY_RECORDING_SAFE_REGION
-0.1209492424875497,1.25662805455002,-3.3262360095977783,3.087614893913269,1.262435260415551,-2.2381762355566024,-1.0137282013893127,0.0533381476998328,0.750618577003479,1.574450924992561,3.8126271605491633,-0.0435943436622619,1.213811423346263,-3.1781911849975586,3.951017379760742,1.2145940219864513,-1.91183899641037,-0.9335358142852784,-0.055368423461914,0.6698172092437744,1.928355813026428,3.840194809436798,0.0174556592106819,1.3566335726210452,-3.559873104095459,3.18343985080719,1.3567458680243032,-2.242188745737076,-0.6954473406076431,0.0392109900712966,0.9384464398026466,2.17626114487648,4.418449890613555,2.058822347759659,0.8191405958394018,0.40453819377128,4.567918110420544,2.2157934866288254,0.9720572200913812,1.4771967119144973,1.917744512120194,2.6197440013922524,3.362594806412767,2.390537586321386,-0.0007052431304473,0.2200032075952742,-0.4731147706508636,0.4850877165794373,0.2200043379574193,0.0024630067150865,0.1061456602582826,-0.2701549492776394,0.303874684870243,0.1061742322493801,0.0095078049361618,0.1088140682916401,-0.2432768940925598,0.2115119285881519,0.1092286583863494,0.2460819074512553,0.1051164637526458,0.0484361541837431,0.4981688154463306,0.2675925561870313,-0.0051722810211183,1.2158109316329475,-3.18175757967297,2.294406145161267,1.2158219334956657,-2.125218657221082,1.9114646957679384,4.03668335298902,3,0.03,2.5090957626608854,490.9740775386725,7.160577612670953,147.82229739691385,NORMAL,91.csv,75.09,76.09,NORMAL,ANOMALY,0.67786976651649,ANOMALY_RECORDING_SAFE_REGION
0.1572858314216137,1.1827807654560754,-2.9782636165618896,2.620718240737915,1.1931928477404012,-1.8351921826601032,-0.4980342332273721,0.1148347798734903,0.9890445917844772,2.0520741879940028,3.887266370654106,0.0678081798553466,0.5889341099875838,-1.206864833831787,1.6106224060058594,0.592824877313834,-0.8364533901214599,-0.3628036975860595,0.0833327770233154,0.4843072891235351,1.0241796731948851,1.860633063316345,-0.3254759530723095,0.954758891267154,-2.301349639892578,2.3205087184906006,1.008711622061535,-1.6044338688254356,-1.024991638958454,-0.4587676525115967,0.282396450638771,1.1616484045982358,2.766082273423671,1.5369670466477914,0.656035015118697,0.2675726587299455,3.940825228592095,1.671122270674119,0.6553474488739528,1.0272952115917175,1.4883707673679782,1.8965935701725536,2.676236148960434,2.020888700086481,0.0242644654348259,0.1318915722569629,-0.3426340520381927,0.3296837210655212,0.1341050003364957,-0.0592764856058347,0.0882153860879885,-0.2437045067548751,0.2036928609013557,0.1062810241220492,0.0287204186225717,0.1003015759238708,-0.2974300593137741,0.2555247336626053,0.1043324905226928,0.1803076487385884,0.0874884426007959,0.0324087945098202,0.4315774528362402,0.2004122645507278,0.0117604012554177,0.9419344187653086,-2.322895093826824,2.292368953822427,0.9420078323944168,-1.7430151377972654,1.5091526916112556,3.252167829408521,4,0.04,2.403858181944304,279.2649643543023,4.016507578235093,88.73787562924278,NORMAL,102.csv,198.05,199.05,NORMAL,ANOMALY,0.7786513687600645,ANOMALY_RECORDING_SAFE_REGION
0.11991011228,0.6461820710562092,-1.446045935,1.529124856,0.6572135908374794,-0.8931335207,-0.30137616025,0.189314295,0.5229584355,1.43634383125,2.32947735195,-0.04583338737,0.5038320593532172,-1.8049016,1.066760063,0.5059124859399223,-0.7585251091499999,-0.420850992,0.006944418,0.218274832,0.8055437323,1.56406884145,-0.25049431292,0.6351224150144006,-1.872229218,1.292403698,0.6827355878075988,-1.3231409462,-0.639530033,-0.285557583,0.16650452425,0.740409002149999,2.063549948349999,0.9729605346352757,0.4553601083896474,0.0968193053321079,2.7206647657730127,1.0742462614644712,0.3508288394002472,0.6562700786405571,0.9220640711311578,1.1810946376385107,1.7704188233275149,1.4195899839272674,-0.0005094572799999,0.0760087085331534,-0.166643913,0.174829501,0.0760104158625514,-0.01620838483,0.0562563917379113,-0.153968468,0.128128888,0.0585447978061818,-0.0184316204,0.0394605293270251,-0.108611758,0.077335481,0.0435529333723769,0.0954959046921435,0.0445249015959885,0.0145337362819174,0.2130016396131434,0.105365718690205,0.0022719685711815,0.6674143782609907,-2.4656800731757325,2.427175186894756,0.667418245293529,-0.8947831518608858,1.0404358543873486,1.9352190062482344,3,0.03,1.747704231137737,115.40050302703932,1.110193467510343,44.54471141506932,NORMAL,37 - Normal Road.csv,7.09,8.09,NORMAL,ANOMALY,0.6020719373219373,ORIGINAL_NORMAL
-0.4016254936354329,1.0824451152223231,-3.215601921081543,1.429823875427246,1.1545520623196577,-2.3126819014549254,-1.2436082065105438,-0.1551442891359329,0.4188105762004852,1.144447815418243,3.457129716873168,0.0343223725906526,0.6949296943661274,-1.5356426239013672,2.128578186035156,0.6957767640357436,-1.0897443771362303,-0.3893823623657226,0.0945777893066406,0.4170188903808594,1.2156276226043696,2.3053719997406,-0.0173899678870885,0.7672229797407055,-2.3241772651672363,1.482836127281189,0.7674200359811574,-1.3455382525920867,-0.4724288880825043,-0.0289018154144287,0.4834250509738922,1.1768497437238692,2.522387996315956,1.3970183970680343,0.6740688984498585,0.1319973332650578,3.2491428381804486,1.551138060136475,0.4432835138353889,0.8813128210801406,1.3121233191138588,1.8188984294241608,2.5825703176413897,2.1392868038060007,-0.0270026911763125,0.1091785520810002,-0.2808145374059677,0.2753167599439621,0.1124682246915411,0.1299756736896762,0.0520861581320333,0.0066278826445341,0.2805396467447281,0.1400237252041252,-0.0350287758469207,0.0579768805432733,-0.1859166949987411,0.1118187978863716,0.0677372409746869,0.1820315389286738,0.0608982580656366,0.0708290140440222,0.3853386995274208,0.1919481153858254,0.0078760657107804,0.6205177342907423,-2.1550650590381,1.388577878740108,0.6205677166759457,-0.9722166493978948,0.9172472568400584,1.8894639062379528,4,0.0404040404040404,1.852124441112414,238.1968988787907,3.647563821016848,38.12532480705928,NORMAL,95.csv,148.59,149.59,NORMAL,ANOMALY,0.8413639053254439,ANOMALY_RECORDING_SAFE_REGION
0.2761850215494633,1.084599898232844,-2.8047198057174683,2.8910789489746094,1.119211823282337,-1.558034124970436,-0.3662424311041832,0.2376368194818496,1.0398176163434982,2.030413651466369,3.588447776436806,0.0135567498207092,0.578690178030799,-1.6114046573638916,1.477372169494629,0.5788489506037126,-0.9742765903472902,-0.3336007595062255,0.089829921722412,0.4150058031082153,0.7876803636550901,1.7619569540023805,-0.2022110240161418,0.7923589795975957,-2.9484012126922607,1.5893469452857971,0.8177542728611082,-1.5679188311100003,-0.7109635397791862,-0.1077268868684768,0.4009044021368027,1.0734580770134925,2.641376908123493,1.3579580807037046,0.6421628413604321,0.294036116635885,3.098799162102964,1.5021395620156577,0.5217483003000666,0.8973645106122182,1.3001399995966278,1.7309621039586431,2.5562942815029683,2.0345459812029016,0.0161457668242364,0.1110117393134012,-0.2417497374117374,0.2651764035224914,0.1121797310200429,0.010749693296937,0.0753658923941416,-0.1947131440043449,0.1652083814144134,0.0761286650503182,6.719518716272549e-05,0.0929621168806496,-0.1944382578134536,0.2386648714542389,0.0929621411657711,0.1518734172692749,0.0628990501609538,0.0347740501689652,0.3351118759763184,0.1643831663650432,0.0210578264146837,0.8667502674148915,-2.6386116730491,2.394849339464561,0.8670060311884206,-1.4147530257798149,1.5319718913836464,2.9467249171634613,5,0.05,1.7408410813992594,225.6423263772592,2.7021825384197484,75.16994581170965,NORMAL,102.csv,192.55,193.55,NORMAL,ANOMALY,0.5812541293738015,ANOMALY_RECORDING_SAFE_REGION
0.0201097244024276,1.3113834521483625,-2.829433798789978,2.811745405197144,1.3115376317834335,-1.8885813564062115,-0.8309407979249954,-0.1465728655457496,0.8562891334295273,2.6800498425960537,4.568631199002265,0.2178884744644165,0.9861015942803436,-3.008163452148437,2.060441017150879,1.0098869944437674,-1.6414214849472046,-0.3228626251220702,0.1950290203094482,0.8851197957992554,1.80706307888031,3.4484845638275146,1.2473814097046851,1.3242799583675005,-2.662729859352112,4.227082848548889,1.8192519862324397,-0.9564642369747162,0.3580692932009697,1.307610809803009,2.1022437512874608,3.265786898136138,4.222251135110855,2.2479787201273824,0.9981343418577968,0.5111694318306564,5.557155361061077,2.4596098248586995,0.7782323912601145,1.5595086335797157,2.183132877087524,2.7045867030043285,3.899196530735049,3.1209641394749346,0.0014340052746701,0.1950378196055019,-0.6264418214559555,0.6209440410137177,0.1950430912583065,0.0609087161737552,0.0825508400895562,-0.1429423596709966,0.4308123812079429,0.1025890486622551,-0.002010050701574,0.1050717495414587,-0.2435823291540146,0.2822500735521316,0.1050909741867775,0.205569341903033,0.1317257715031592,0.036047414769048,0.7928629118553397,0.2441524794233075,0.012994113960232,0.9299730464171516,-2.854555179752805,2.7602658696301074,0.9300638225734884,-1.586600881601272,1.4313757757470376,3.0179766573483096,4,0.04,3.3091766409336945,604.9680490541442,5.961043320854859,86.50187140600093,NORMAL,95.csv,154.09,155.09,NORMAL,ANOMALY,0.8157872340425532,ANOMALY_RECORDING_SAFE_REGION
-0.048919794303365,0.6259329643517656,-1.6252939105033877,1.957648992538452,0.6278417174231672,-0.99197651296854,-0.4343927260488271,-0.0627131517976522,0.2304170886054634,1.035074010491371,2.027050523459911,-0.1137838315963745,0.3062645963671155,-0.8736224174499512,0.4811997413635254,0.3267181710904129,-0.6254136562347412,-0.3439602851867676,-0.1125147342681884,0.1071187257766723,0.404244327545166,1.0296579837799071,-0.3169294374808669,0.8355580715338609,-2.206334590911865,1.906264305114746,0.8936450969189744,-1.3694462329149246,-0.924200065433979,-0.5425607785582542,0.2550030499696731,1.1725133329629898,2.5419595658779146,1.051889417167713,0.4393861613153395,0.2297897847915005,2.2224192474351088,1.1399699753523598,0.4344883031508029,0.7149049569391065,0.9997685095915428,1.3473791837513325,1.8094042687340104,1.3749159655832075,-0.0251486919048474,0.1151636298737831,-0.3355174735188484,0.3675573408603668,0.1178775566010368,0.0894727533019904,0.1409849849576349,-0.1182023361325264,0.641102597117424,0.1669794585179368,0.0082222398130106,0.0689294185109061,-0.2154520064592361,0.1344513371586799,0.0694180809573003,0.1690632357243159,0.1342153128647873,0.0095514427261962,0.7542375646793041,0.2158613626403955,-0.00042722003508,0.5309609616759687,-1.5240745712881187,1.8022282774318013,0.5309611335501195,-0.770440317397598,1.099279963767872,1.86972028116547,5,0.05,1.170529830267396,129.953154470486,4.659612788096837,28.191972534082787,NORMAL,102.csv,131.05,132.05,NORMAL,ANOMALY,0.6944830917874396,ANOMALY_RECORDING_SAFE_REGION
0.1083669570833444,1.2221696979177783,-3.937782406806946,3.160566806793213,1.2269646155843033,-1.875695487856865,-0.7160702161490917,0.1517310068011283,0.9488497637212276,2.050859412550926,3.926554900407791,0.0819257545471191,1.0328343305765424,-2.510524034500122,2.042853832244873,1.0360784640535723,-1.5267146468162534,-0.6421838998794556,0.0588619709014892,0.9341626167297362,1.576286458969116,3.1030011057853693,0.2893173256516456,1.1616436089833264,-2.764339089393616,2.710390329360962,1.1971300636163251,-1.4895675122737884,-0.5110520645976067,0.3884901702404022,1.0117818340659142,1.9833774685859675,3.472944980859756,1.8360201489686003,0.8006567013189193,0.359119056994996,4.534629195886,2.003003030648125,0.6076299768687486,1.223134946887067,1.823254976711625,2.30865128559658,3.2147057853032184,2.6070758084344696,0.0019382740171131,0.2234405274208445,-0.7304110169410706,0.7113520354032516,0.2234489342115343,-0.0113083288636626,0.1154023917993663,-0.3784307315945625,0.2959334481507539,0.115955122071874,-0.0030805912559153,0.0998625508230152,-0.3133125364780426,0.2347247898578643,0.0999100550463531,0.2249147530814846,0.1508986066225725,0.0273645774526391,0.8343813765325481,0.2708450398924431,0.0030856159138174,1.032102415035742,-2.466524659232622,2.963123045483175,1.0321070274676842,-1.6876453138930576,1.7039369359069552,3.3915822498000128,3,0.03,2.698609046917399,401.2021140785574,7.335703563433911,106.52449161481788,NORMAL,91.csv,77.09,78.09,NORMAL,ANOMALY,0.5188086485056863,ANOMALY_RECORDING_SAFE_REGION
-0.0903851400315761,1.1860813175088163,-2.861416459083557,3.3633378744125366,1.1895202248309933,-1.9447421431541445,-0.9305967278778552,-0.1538783647119998,0.6995186842978001,1.9769176244735716,3.921659767627716,0.0106649756431579,1.212061790766005,-3.2097036838531494,3.951017379760742,1.2121087106115376,-2.0039199709892275,-0.7176026105880737,0.0071644783020019,0.8901214599609375,1.922732925415039,3.926652896404266,0.018224553912878,1.2278256433725985,-3.3334795236587524,2.865877151489258,1.2279608889898157,-2.037372213602066,-0.8141448944807053,0.0289572626352309,0.9470408856868744,1.9578356683254243,3.9952078819274903,1.9551797573997305,0.7545369127917675,0.5789288599266597,4.187656214956639,2.095722748006281,0.8217549180464405,1.4402181338304,1.8408929197471071,2.4698010140883806,3.244296695437576,2.4225417773911357,0.0041419690478942,0.2392451463970903,-0.552832618355751,0.4850877165794373,0.2392809979546201,0.0022828014440019,0.1020096832846323,-0.2039982974529266,0.303874684870243,0.1020352226746418,0.0190824995974107,0.1059997438781909,-0.1968511790037155,0.2188423052430153,0.1077037023185705,0.26044593165358,0.1069326275121331,0.0597184760016541,0.5548294467060388,0.2815433716881822,-0.0084711195493259,1.0521272854632993,-2.337252164869087,2.3339596257207336,1.05216138718487,-1.7508632970903115,1.6435527734338913,3.394416070524203,2,0.02,2.232476457556908,439.2053836511,7.926667014154994,110.704358468279,NORMAL,91.csv,74.59,75.59,NORMAL,ANOMALY,0.6865982490716532,ANOMALY_RECORDING_SAFE_REGION
0.0242041699588298,0.6967138959673375,-2.724686622619629,1.4658795595169067,0.6971342013395855,-1.2467904724180698,-0.3586742989718914,0.0659042671322822,0.4697019271552562,1.073886239528656,2.3206767119467258,0.2209904670715332,1.1436534257532145,-1.402109146118164,3.745691299438477,1.164808973511776,-1.237102460861206,-0.5452934503555298,-0.0558278560638427,0.7251148223876953,2.447124409675597,3.6842268705368033,0.109133415967226,1.1485494187945633,-2.673323392868042,4.139491558074951,1.153722613930231,-1.715368577837944,-0.5494298338890076,0.0158900022506713,0.672376275062561,2.1506657689809794,3.8660343468189233,1.4969677758803654,0.9658878751287524,0.0592304055008183,4.384356239212697,1.7815307769850468,0.3254870979143675,0.8710318650000025,1.2203819184876172,1.8416314942203524,3.3665430347780707,3.041055936863703,0.0214816705132834,0.2110303271220033,-0.5396990329027176,0.6699659526348114,0.2121208644458649,0.022594055701491,0.065803134837759,-0.2073885910212993,0.1853669166564941,0.06957401747433,-0.0007244855857788,0.0358626911436646,-0.0856737848371267,0.1770591557025909,0.0358700082998301,0.174146303975283,0.144206544053859,0.0225538607970049,0.7026142904100514,0.2261027698552347,-0.0187275258938854,0.7051597394136944,-2.4987178583285807,1.7691565431171168,0.7054083769817988,-1.2842501720622583,1.0082885992092492,2.2925387712715075,5,0.05,2.887388463332332,317.3851909344944,5.112246253620926,49.76009783160956,NORMAL,95.csv,155.59,156.59,NORMAL,ANOMALY,0.7361666666666665,ANOMALY_RECORDING_SAFE_REGION
0.0162628388777375,0.7964964589109867,-1.8449211120605469,2.205229878425598,0.7966624686692002,-1.214311072230339,-0.552239652723074,0.0230643823742866,0.499455276876688,1.2383708417415615,2.4526819139719005,-0.0427145099639892,0.6064159852042836,-1.910594463348389,1.1907663345336914,0.6079184784761406,-0.9428457260131836,-0.4204750061035155,-0.1073176860809325,0.4541295766830444,0.8269433021545407,1.7697890281677244,-0.0061831268668174,0.6606465613432666,-1.5266056060791016,1.5684903264045715,0.6606754952868569,-1.0981728136539457,-0.4020007997751235,-0.0426495075225829,0.4415965527296066,0.963773255050182,2.061946068704128,1.0826513845650607,0.5182606053239441,0.1856011025746897,2.6099582211309533,1.2003033264685157,0.3892236450734537,0.7008127972934955,1.0026594118732637,1.4473976426546764,2.0282605667464244,1.6390369216729708,-0.0302274219880346,0.1122708909821387,-0.3187187016010284,0.2065333843231201,0.1162688694447744,0.0382306668831515,0.0847187422732695,-0.1811519503593444,0.3042106628417969,0.0929454096913622,0.0034953677771845,0.2546184690651942,-0.5832842469215394,0.7999579548835755,0.2546424599021165,0.2416312985881234,0.1691579058521338,0.0336814521039292,0.8344250652413034,0.2949577623485475,-0.0038934717852187,0.5238379321946052,-1.7240613560954758,1.4608213416658251,0.5238524012815652,-0.8572456034172831,0.8809997383835868,1.73824534180087,4,0.04,1.5273068365658926,144.07280755313838,8.70000815696622,27.4421338328462,NORMAL,95.csv,0.59,1.59,NORMAL,ANOMALY,0.6820952380952381,ANOMALY_RECORDING_SAFE_REGION
0.0337521482259035,0.5353331116310073,-1.4377760887145996,1.3746813535690308,0.536396073735071,-0.8472664281725883,-0.268150271847844,-0.0011711791157722,0.3189510758966207,0.9296270251274108,1.7768934532999991,0.0040817356109619,0.3610878962003248,-0.8736224174499512,0.8353986740112305,0.3611109654219522,-0.5895803689956665,-0.2277261018753051,0.0191755294799804,0.2725838422775268,0.5576823234558105,1.147262692451477,0.5180102783814072,0.7901621884681688,-2.206334590911865,1.906264305114746,0.9448232282250416,-1.0762718118727208,0.0918298512697219,0.7429805845022202,1.074659898877144,1.5087985843420029,2.585070396214724,1.0748436469931333,0.3943652423559459,0.2297897847915005,2.2224192474351088,1.1449073368006526,0.4242122492090579,0.8410539021632569,1.063584291071103,1.347249738435747,1.713217062680951,1.2890048134718932,-0.0325144996222515,0.0656122542019208,-0.3355174735188484,0.1043967902660369,0.0732267750699351,0.0107866504047997,0.0474513447733825,-0.1182023361325264,0.1246469557285308,0.048661914756386,0.0165376367106509,0.0469926266802481,-0.1134375900030136,0.1344513371586799,0.0498176714658828,0.0867202189089438,0.051880117169954,0.0095514427261962,0.3466439239837141,0.1010541583765027,0.0065491381432709,0.4474198419774259,-1.0892040043727964,1.562622145896755,0.4474677711361169,-0.6495603997546456,0.7439298420013033,1.393490241755949,3,0.03,1.1475756004419757,131.0812809859963,1.0211942925183295,20.022740620552437,NORMAL,102.csv,130.55,131.55,NORMAL,ANOMALY,0.6455669479606189,ANOMALY_RECORDING_SAFE_REGION
0.3397179569303989,1.164554040493922,-2.608096480369568,3.807369351387024,1.2130929080213453,-1.7016138136386871,-0.2917807139456271,0.2855861186981201,1.1380923837423325,2.1294970899820327,3.83111090362072,0.0718275451660156,0.6274602534152174,-1.1008872985839844,1.4949955940246582,0.6315580463112356,-0.9262002944946288,-0.3335317373275757,0.0790698528289794,0.4210901260375976,1.3137527465820311,2.23995304107666,0.0559359574317932,0.7418619019078543,-1.633231282234192,2.229671001434326,0.7439676826557388,-1.2088622450828554,-0.3692999146878719,0.0066177695989608,0.4608253687620162,1.339746469259262,2.5486087143421177,1.373666081476816,0.7327955914089738,0.2002812486997552,3.884620498856046,1.5569032989201026,0.43286194147202,0.8373948200605683,1.1781907643538987,1.8873770588353944,2.526586982240663,2.0937250407686427,0.0129271206429839,0.1028558999045358,-0.2998735189437866,0.3310887143015861,0.1036650693015258,-0.0685952275987074,0.0754027182129059,-0.2925736904144287,0.1153618149459362,0.1019356422612491,-0.0009334012836916,0.0975461276733226,-0.2435823269188404,0.2105650901794433,0.0975505933452818,0.1572153438819208,0.0770504747980791,0.0303808206778106,0.4144141669662156,0.1750812383395778,-0.0002695127967999,0.9384312914800608,-1.8935653579759373,3.1987885577004835,0.9384313301814268,-1.5329258603794726,1.5367853116260244,3.069711172005497,4,0.04,2.51095441737923,242.39478821882983,3.065344001852007,88.06533614660822,NORMAL,102.csv,194.05,195.05,NORMAL,ANOMALY,0.6596495726495727,ANOMALY_RECORDING_SAFE_REGION
0.6059666903316975,1.293714412522651,-2.3172248005867004,3.3602007627487183,1.4285981278723483,-1.651844036579132,-0.2485867664217948,0.7539933770895004,1.4483477920293808,2.6604233145713807,4.3122673511505125,-0.0553176808357238,1.21180848544953,-3.6469109058380127,2.0969395637512207,1.21307042302602,-2.0238516688346864,-0.947838306427002,-0.0679543018341064,0.8692014217376709,1.841075086593628,3.864926755428314,-0.0211883202195167,2.1940860441136825,-5.634621858596802,5.675661325454712,2.194188349683808,-3.552863800525665,-1.5136915743350985,-0.3306995630264282,1.5738145485520365,3.407364571094511,6.960228371620176,2.656074201834739,1.127902837312246,0.4999878055559299,5.965019490045409,2.885635974281763,1.08724777529018,1.8182824979430925,2.513639606350166,3.3455721263559117,4.785011028301315,3.697763253011135,0.0128684769985266,0.2774178077125372,-0.6585122346878052,0.5630340695381164,0.2777161099689607,-0.142053550155484,0.1367334885650482,-0.5187158405780792,0.1048549406230449,0.1971680958140662,0.0331766770763497,0.0809108214307817,-0.1261435765773058,0.1947742357850074,0.0874485730382848,0.3145092979595966,0.1572661761684012,0.0868726924560495,0.758798189884981,0.3516372401633094,-0.0003800200127952,1.4079950417798566,-3.551907895978363,4.590535630797072,1.4079950930638463,-2.241941072286779,2.150294736089296,4.392235808376075,4,0.04,3.3089452882106705,832.689497606906,12.364874866966892,198.24501820918695,NORMAL,95.csv,161.09,162.09,NORMAL,ANOMALY,0.6544237167778353,ANOMALY_RECORDING_SAFE_REGION
0.16627801349,0.2470208099191853,-0.481654525,0.902689755,0.2977711508916049,-0.24757261425,0.0157263745,0.1540913135,0.31773939775,0.5534219825499999,0.8009945967999998,-0.0534632158399999,0.1686909090692864,-0.698895454,0.331145287,0.1769602730857315,-0.3110181567,-0.14690601825,-0.065226316,0.05986320925,0.19787120835,0.5088893650499999,-0.31193118898,0.286522327621806,-1.236766458,0.270882815,0.4235517806411561,-0.85609828555,-0.456315525,-0.271601349,-0.1184949577499999,0.0744409727999998,0.9305392583499998,0.4937558366456493,0.2357623405392314,0.0927833917314026,1.2475557508804538,0.5471551036389788,0.1953963983028269,0.3203295306333502,0.4553934322613787,0.6350590926476913,0.9172116806374576,0.7218152823346309,0.00677999222,0.0322985754450803,-0.097127501,0.120951228,0.0330025191505861,-0.0716385561199999,0.0507494206860986,-0.184633877,0.027519459,0.0877928608881895,0.0057512992799999,0.0219648332625445,-0.052351111,0.058948452,0.0227053153173328,0.0840051967408811,0.0474911671514101,0.0144441104171853,0.199650665533683,0.0965001763567161,0.0020550911343363,0.220119689829288,-0.539538532329725,0.5738134500625242,0.2201292830363838,-0.3765174884351746,0.4015769676575758,0.7780944560927503,4,0.04,0.7537999142348044,29.937870743818163,0.9312284036877324,4.845690125011241,NORMAL,57.csv,13.03,14.03,NORMAL,ANOMALY,0.7123293650793651,ANOMALY_RECORDING_SAFE_REGION
0.015431185811758,1.5183514915749006,-3.459489345550537,4.607268810272217,1.5184299040335325,-2.1498695254325866,-1.0687091052532198,0.0627091825008392,1.0699626579880714,2.4768769204616548,4.626746445894241,-0.0223309588432312,1.425078190436172,-3.873278617858887,3.563297748565674,1.425253142631053,-2.4412544131278997,-0.975327730178833,0.2233183383941649,0.933606743812561,1.863142919540405,4.304397332668304,0.1141249740123748,1.2117228748330822,-2.761455535888672,3.02642023563385,1.2170853852902326,-1.949383708834648,-0.712775781750679,0.15541972219944,1.1269033327698708,1.96612893640995,3.9155126452445983,2.233179788413692,0.9116911548055232,0.6477544121443605,4.726415557280077,2.412109601392534,0.8723638039526301,1.6242769011125135,2.1457211448457065,2.7107437600293807,3.85582557238556,2.983461768432929,-0.0080142404921935,0.3067809601754602,-0.701211678981781,0.682183250784874,0.3068856229555957,-0.0072931145226466,0.1281817498248195,-0.385150246322155,0.3457494676113128,0.1283890591428765,-0.00304149593506,0.1218170987897621,-0.2787376046180725,0.3094030022621155,0.121855062492609,0.3106640993546111,0.1702909560478862,0.0288079771751426,0.7131072587331024,0.3542755881224598,-0.0235352633858621,1.2940150874455378,-3.4202791658850424,3.0919594268427386,1.2942290968601058,-2.1894457947488046,2.1613921202681805,4.350837915016985,4,0.04,2.4932357688663846,581.8272729130049,12.551119233951477,167.50289551593252,NORMAL,91.csv,73.09,74.09,NORMAL,ANOMALY,0.8101367020356426,ANOMALY_RECORDING_SAFE_REGION
-0.1783255983889103,1.2705106463203035,-3.459489345550537,2.490800976753235,1.282964271308441,-2.445370161533356,-1.0105324015021324,-0.0649110451340675,0.6008264347910881,1.8812105208635328,4.326580682396888,-0.1162103462219238,1.3896377371405642,-3.873278617858887,3.563297748565674,1.3944883954533889,-2.492445945739746,-0.8665857315063477,-0.0344352722167968,0.7449169158935547,1.8513019561767576,4.343747901916504,0.1017524871230125,1.413919914431909,-3.460014581680298,3.559739470481873,1.41757648578934,-2.0771231919527056,-0.8222310394048691,0.1077592074871062,1.0488801747560503,2.3031656667590137,4.380288858711719,2.1537906915840725,0.98046109378028,0.2455350967929973,4.335404767560746,2.3664569084542872,0.7040859792076921,1.470321087168527,2.0747209079875404,2.8336206603286165,3.9706011783423194,3.266515199134626,-0.007151088315004,0.3012084448951953,-0.701211678981781,0.682183250784874,0.3012933211013329,0.0061737050637893,0.1254983030507052,-0.385150246322155,0.3457494676113128,0.1256500644759934,0.0102787160748266,0.1284923857965277,-0.3775755167007446,0.3094030022621155,0.1289028518374618,0.3068792226760704,0.1703135107519472,0.0288079771751426,0.7131072587331024,0.350972291292237,-0.026725397500437,1.322019919383037,-3.4202791658850424,3.0919594268427386,1.3222900264756927,-2.2700081571070543,1.90209181462458,4.172099971731634,2,0.02,2.1816140759766736,560.0118299571022,12.318154925492289,174.84509141170884,NORMAL,91.csv,72.59,73.59,NORMAL,ANOMALY,0.7720399980813261,ANOMALY_RECORDING_SAFE_REGION
0.0190381684526801,0.9432560550733357,-2.294250011444092,2.2424567341804504,0.9434481635418792,-1.359123235940933,-0.5935196131467819,-0.0394791662693023,0.5874624606221914,1.7369828969240189,3.096106132864952,-0.151410813331604,1.1069881858901167,-3.592690944671631,2.3680191040039062,1.1172949825780252,-2.2575927615165714,-0.7158089876174927,-0.0008885860443115,0.6759113073348999,1.2453657388687132,3.502958500385285,0.0019636729359626,1.5378281971669312,-4.509358882904053,3.532813549041748,1.537829450886246,-2.333030843734741,-1.0911910086870191,0.0041522830724716,1.1574426516890526,2.632463499903678,4.965494343638419,1.899654127053222,0.9458732118880048,0.1248004910340888,4.957915816872136,2.122112611384624,0.6976289096016502,1.3102231572392569,1.715867414462691,2.426005341276887,3.7342881491506494,3.036659239549,-0.0069088805670035,0.222621784341282,-0.6247619539499283,0.5705476999282837,0.2227289642008542,-0.0117796108209586,0.1012350770915725,-0.2327394783496856,0.2275471277534961,0.1019181046960248,-0.0379475311453861,0.0718017457201893,-0.1853974610567093,0.1330158058553934,0.0812127194994526,0.2155937747218486,0.141810865833676,0.0319700910512184,0.6459939464115299,0.2580523151752606,-0.0080115796160276,1.2430015223981423,-2.777830554348609,3.7277313583007103,1.2430273408465495,-1.856673728300164,1.84242921597421,3.699102944274374,5,0.05,3.058261689818914,450.3361935397667,6.659099736731209,154.51169700920445,NORMAL,95.csv,16.59,17.59,NORMAL,ANOMALY,0.5252782446311859,ANOMALY_RECORDING_SAFE_REGION
0.5161016678158193,1.122139890964983,-3.249407172203064,3.0686028003692627,1.2351351611937755,-1.349250105023384,-0.050025338307023,0.6154710352420807,1.3541907221078873,2.2430676877498623,3.5923177927732466,-0.1547012782096862,1.000172412877366,-2.6179685592651367,2.538985252380371,1.012065877777056,-1.845078158378601,-0.802474856376648,-0.001671552658081,0.5828348398208618,1.2729973554611205,3.1180755138397216,0.0864354038238525,1.0853232043972278,-1.9084277749061584,3.075327157974243,1.0887596323510802,-1.6444357454776763,-0.7260276973247528,0.127574473619461,0.7477615848183632,1.909854817390442,3.5542905628681183,1.8001826965982668,0.7032609780751865,0.386058559362632,3.5308769841518446,1.9326752816795365,0.7513576885860221,1.2326592275438288,1.7989273619932904,2.235067911478313,3.0768736532870147,2.3255159647009926,-0.0085490523581393,0.1938127686677984,-0.5834369540214539,0.4633409380912781,0.1940012257561785,-0.0310945444171011,0.0831219482000412,-0.2622136957943439,0.1492037231102586,0.0887475575161222,-0.0055280207936011,0.0871487595771049,-0.2822500735521316,0.2368628203868866,0.0873239102979391,0.2008501919630177,0.1131250204778706,0.0269291955206686,0.5986280493506213,0.2305169622168826,-0.0044908967350428,0.8781199448498964,-1.913965593619141,2.328374302132368,0.8781314284870289,-1.2985466517003783,1.5371176399755506,2.835664291675929,3,0.03,1.7306942875535778,373.52337444150754,5.313806986969972,77.111480569667,NORMAL,95.csv,7.59,8.59,NORMAL,ANOMALY,0.5841089743589744,ANOMALY_RECORDING_SAFE_REGION
0.1426752059161663,0.5228361388463961,-1.087881624698639,1.123380422592163,0.5419537272378782,-0.7311093717813492,-0.2720846142619848,0.1402886062860488,0.5277760773897171,0.9758385270833968,1.706947898864746,-0.019515643119812,0.385129284612164,-0.9357686042785645,1.2270512580871582,0.385623425367621,-0.5993280410766602,-0.2795834541320801,-0.0363390445709227,0.1814403533935546,0.6172780990600586,1.2166061401367188,0.0666030740737915,0.6222442107447258,-1.4210991263389587,1.9969733953475952,0.6257985516772995,-0.8622513055801392,-0.3497576117515564,0.0353341102600097,0.4343011528253555,1.0779797852039334,1.9402310907840723,0.8557013096287495,0.3190899005614789,0.0860503061709451,2.005374549036488,0.913259599424332,0.3630766074591721,0.6167127034896522,0.8821032563595761,1.0586349839544305,1.3417865877165047,0.9787099802573328,-0.003777893245613,0.0822739357159949,-0.1931859888136387,0.184328444302082,0.0823606275812351,-0.065111466013739,0.0380812121145959,-0.1430950760841369,0.0204639707226306,0.0754299789379206,-0.0029135195240887,0.0274758566524867,-0.0622776642441749,0.0793207913637161,0.027629898566684,0.1084005555018287,0.038544591836602,0.0223795670854671,0.2298574569293927,0.1150494067475157,5.543548353922567e-05,0.4649027235196906,-1.733343804271856,1.2127653062438934,0.4649027268247829,-0.7569307167769582,0.8113193798715339,1.5682500966484922,2,0.02,1.149673239407738,83.40430959406913,1.3236365992955317,21.61345454091187,NORMAL,95.csv,180.09,181.09,NORMAL,ANOMALY,0.5907666618217587,ANOMALY_RECORDING_SAFE_REGION
-0.0092814480513334,0.6309239720940103,-1.692384958267212,1.5645605325698853,0.6309922375440232,-1.0405519649386406,-0.414476029574871,-0.0009299218654632,0.3908147867769003,1.09061666727066,2.1311686322093006,0.0197057247161865,0.3811491364582001,-1.1395368576049805,1.033322811126709,0.3816581976185259,-0.5849346160888672,-0.2229126691818236,0.0176331996917724,0.2737617492675781,0.5945278882980346,1.1794625043869018,0.1800579996407032,0.6235851903195305,-1.7171756029129028,1.3878417611122131,0.6490603768683285,-0.8145287424325942,-0.1754142716526984,0.1601709872484207,0.6366496905684471,1.1567095041275022,1.9712382465600964,0.8973599559777478,0.3997982814849333,0.1373164365527598,1.897904200984793,0.9823917530551096,0.2995231959922996,0.5983218506777856,0.8424767960970656,1.181340838345066,1.6316026278289997,1.3320794318367,0.0019956952333886,0.0675688762753635,-0.1621845990419387,0.1768453530967235,0.0675983419957912,-0.0113892682552395,0.0670780255641373,-0.1753181871026754,0.1618791650980711,0.0680380551233857,0.0075835807921248,0.0435368682032051,-0.0875063790008425,0.1085506707429885,0.0441924155322374,0.0939865846541386,0.0481477339152861,0.0233506003792157,0.2273550753169304,0.1056015263910838,0.0065916104716837,0.5550185950061077,-1.597828832646967,1.3804179467170026,0.5550577358538157,-0.8789095786232713,0.8889264991781614,1.7678360778014328,3,0.03,1.0005442450070454,96.50935564706916,1.1151682376126768,30.808909013116427,NORMAL,102.csv,218.05,219.05,NORMAL,ANOMALY,0.5465318002612002,ANOMALY_RECORDING_SAFE_REGION
0.4038323642299999,1.241166413053376,-2.997794628,4.106961131,1.3052105743102815,-1.31358818735,-0.3409969459999999,0.476325173,1.22873455675,2.2684596478000003,3.58204783515,-0.0344077935499999,1.0018583764637712,-4.600396156,2.241743565,1.0024490524448628,-1.3331005808999998,-0.66689240925,-0.0689983365,0.5958520172499999,1.63901550775,2.97211608865,-0.0798989332399999,1.5335531926583197,-2.861250639,3.057292819,1.5356331704692416,-2.4518869195,-1.34773214175,-0.2595655285,1.3456416095,2.4888943983500003,4.94078131785,2.0387895725433416,0.9539313702635696,0.2895301245926159,5.778332348141396,2.250921584659136,0.6746637582267253,1.4243093572150711,1.938099933931596,2.5795389870680543,3.680818255031052,3.006154496804327,0.0033386816399999,0.2046946503038551,-0.511477071,0.397734058,0.2047218763545089,-0.07146781926,0.1038362589223953,-0.2866483,0.147981995,0.1260540275309708,-0.0150022314,0.0622158882735049,-0.171011594,0.115850505,0.0639990914048035,0.225323890853993,0.1054783979113627,0.0485265647519687,0.5369516112186153,0.2487901690492009,-0.0135115504065499,1.1162291675081464,-2.843993323467672,3.6133875749753663,1.116310940728576,-1.7874436142036447,1.7345737230617049,3.5220173372653494,4,0.04,3.739542775598055,506.66479802843935,6.189654821552996,124.61501163903186,NORMAL,48.csv,16.18,17.18,NORMAL,ANOMALY,0.6655858394733659,ANOMALY_RECORDING_SAFE_REGION
-0.149330315887928,1.105994783336377,-3.243119716644287,2.7418007850646973,1.116030467330739,-1.9446243524551392,-0.7288574203848839,-0.08796688914299,0.5126652754843235,1.4171932235360143,3.3618175759911537,0.0056639528274536,0.94670158125888,-2.1898555755615234,1.910792350769043,0.9467185243353462,-1.7443111538887022,-0.5972203016281128,0.074742317199707,0.6324882507324219,1.5517823219299316,3.2960934758186338,-0.0276974061131477,1.2622170813515252,-3.274880170822144,3.321746945381165,1.262520933197133,-1.6869619473814963,-0.9948635697364808,-0.2149275094270705,0.9746997132897376,2.213282239437104,3.9002441868186,1.7760071410267917,0.7625993116394506,0.2091954904363395,3.7923823182781886,1.9328111845421223,0.8230020424126658,1.2400580985616156,1.6644493989540914,2.215883483064517,3.0935612771616507,2.270559234748985,-0.0080420344431913,0.2615087074711513,-0.6966912895441055,0.6606502681970596,0.2616323343954597,-0.0071303192537161,0.0958228876938082,-0.2304487358778715,0.2874118722975254,0.096087810145929,-0.0022861616069421,0.0964610001253782,-0.2388481311500072,0.2616333782672882,0.09648808776259,0.2513061815531901,0.1544004528914798,0.0197020956886839,0.7013434261261737,0.2949479559853552,-0.0129609070532654,0.984611366874768,-2.90750794096758,2.4189286954818643,0.9846966684673216,-1.5477363634178785,1.5658053233839129,3.113541686801791,4,0.04,2.0163751772513967,373.5759075091122,8.699429673993905,96.96275288906422,NORMAL,91.csv,69.09,70.09,NORMAL,ANOMALY,0.5321182169341679,ANOMALY_RECORDING_SAFE_REGION
0.1760695840045809,0.4897817105609953,-0.8949131071567535,1.3383299112319946,0.520467695838657,-0.5621375031769276,-0.2035882361233233,0.1941337026655673,0.5499796606600285,0.940994255244732,1.5031317584216597,0.0120206975936889,0.3439977007472539,-0.7902235984802246,0.8342056274414062,0.3442076630321239,-0.4956249952316283,-0.2068216800689697,-0.0327439308166503,0.2182437181472777,0.6712446928024292,1.1668696880340574,-0.1363860386610031,0.4829601245080802,-1.3933340311050415,0.9355060458183287,0.5018482174985791,-0.9408972978591916,-0.4423153698444366,-0.1298200488090515,0.1901703178882598,0.6399269938468933,1.580824291706085,0.7378166002933334,0.3111974219683151,0.0659296915662903,1.6512503039586914,0.8007603705904396,0.2645824468109644,0.5087375485070996,0.7434630403158607,0.968120985952338,1.3268027415450916,1.0622202947341273,0.0055683379470574,0.0661302889997058,-0.1663384795188904,0.191872626543045,0.066364309012279,-0.0157257973559826,0.0386277190337406,-0.0919656917452812,0.0853683520108461,0.0417061312067067,0.0029373432609136,0.0270337803732691,-0.0517707914113998,0.0689360909163951,0.0271928900027669,0.0752236662940909,0.0349925161554028,0.0139658109849198,0.2044712472134243,0.082964306527632,0.0015171217209544,0.4269682824241275,-1.2702226159253132,0.9526127791403244,0.4269709777660839,-0.7216706129267698,0.7573173832203601,1.47898799614713,3,0.03,0.913433703665358,64.12171711081382,0.6883076157610885,18.230421585452568,NORMAL,95.csv,179.09,180.09,NORMAL,ANOMALY,0.6525263256853281,ANOMALY_RECORDING_SAFE_REGION
-0.0789867409,0.731182562502833,-1.791159093,2.131037176,0.7354364996015721,-1.2381534098,-0.59008467375,0.0014476385,0.32889842275,1.0089717956999995,2.2471252055,-0.0684064865,0.520323178710607,-1.148451805,1.206512451,0.5248005885084208,-0.8649762627,-0.494552612,-0.0961866375,0.251511216,0.8167026523499998,1.68167891505,0.06283441213,0.658262512805806,-1.999374628,1.484465122,0.6612546401448816,-1.1035285223999998,-0.338575356,0.1520964485,0.4780848675,1.001091160099999,2.1046196824999988,1.0027800941292604,0.4979681561869658,0.0982518534838557,2.6792648904181084,1.1196160957034045,0.3751984008395465,0.5995780486303788,0.9074778600144028,1.2879795974210968,1.8958737612527845,1.520675360413238,-0.0065154835999999,0.0805107521383349,-0.2001193,0.2227213,0.0807739607573027,0.02004003406,0.0612334602796092,-0.120645795,0.188146349,0.0644293382159124,-0.00337105386,0.0430270401928103,-0.122295129,0.097738364,0.0431588947017962,0.0971615402901048,0.0556587606733906,0.0107123202015422,0.2452520104243634,0.1119743834599836,-0.0110972133480083,0.6137800785913493,-1.6378225464099292,1.5638683019768598,0.613880389831516,-1.1200211037131442,0.7865609474841754,1.9065820511973195,5,0.05,1.676484796288848,125.35402017581346,1.2538262551243458,37.68491330196942,NORMAL,37 - Normal Road.csv,20.59,21.59,NORMAL,ANOMALY,0.5135882835959998,ORIGINAL_NORMAL
-0.31854422901,0.4733081450012933,-1.236464977,0.811745092,0.570518208263453,-1.0445534165,-0.6647243949999999,-0.348579023,-0.00854200125,0.5257869487,1.5703403652,-0.0046201992599999,0.4244681409397559,-0.947649956,1.247223854,0.4244932848868808,-0.6303714276000001,-0.32992172275,-0.008457422,0.232328057,0.7611272813499999,1.39149870895,1.29618169977,0.4774387824731308,0.345014848,2.765797138,1.3813163250421938,0.5884734217500001,1.0429472775000002,1.261564478,1.57262332,2.17829841355,1.5898249917999998,1.48111850892832,0.4690504527363945,0.3870955262142962,2.911108937802047,1.5536152563303012,0.6863641487335289,1.1992274284795397,1.4474872124950446,1.755439165018803,2.263709971642632,1.5773458229091029,-0.00785418873,0.0533902079432086,-0.172508213,0.111940971,0.0539648272935762,0.03903975691069,0.0395266095725801,-0.077885259,0.134084817,0.0555558771323876,0.00541195656,0.0303847628862833,-0.062460924,0.090896679,0.0308629727904326,0.0767068851453366,0.0326685617916917,0.00873157414184,0.1743909946661131,0.0833737438180477,0.0101076396292687,0.5490585529351616,-1.5727340574689437,1.4459880364925843,0.5491515810139572,-0.8030327252094908,0.8947193361546123,1.697752061364103,3,0.03,1.4299904288737273,241.37203647022676,0.6951181158237453,30.15674589301289,NORMAL,37 - Normal Road.csv,30.59,31.59,NORMAL,ANOMALY,0.7199113924050632,ORIGINAL_NORMAL
-0.5072646749764681,0.9149791931697716,-2.8913466930389404,1.2602646946907043,1.0461856309530293,-1.9912682473659515,-1.2163278758525848,-0.5393052473664284,0.2322684153914451,1.0107777059078218,3.002045953273773,-0.0830913019180297,0.7423262703547602,-1.8348264694213867,2.128578186035156,0.7469621517274095,-1.236903142929077,-0.4899554252624511,-0.1012253761291503,0.3967351913452148,1.1709105491638183,2.4078136920928954,0.0303862330317497,0.9290992635695058,-2.3241772651672363,2.0501184463500977,0.9295960223254282,-1.3917020082473754,-0.633046492934227,-0.0218222737312316,0.7548650205135345,1.4263098448514937,2.818011853098869,1.464661287384497,0.6094037319267713,0.4107814525135956,3.083955638971054,1.5863812893655445,0.5455465655582518,1.0340831892172837,1.360851161641568,1.9075487931795965,2.477888684262398,1.9323421187041463,-0.0055115273743285,0.1243766108194359,-0.2808145374059677,0.2753167599439621,0.1244986676753104,0.1428983762285206,0.0558614839225402,0.0066278826445341,0.2805396467447281,0.1534289780803354,-0.0341442868017765,0.0498267571140095,-0.1484401412308216,0.0986241191625595,0.060403129436317,0.1972668453027226,0.061438581996296,0.0790820717987962,0.3853386995274208,0.2066129415438537,-0.0006212589496632,0.6636274554007008,-2.1550650590381,1.6606318889293958,0.6636277461983424,-0.9414641834958308,0.9871884364376796,1.9286526199335103,4,0.04,1.6192943515865568,251.66055952490876,4.268890761340392,44.04017855242916,NORMAL,95.csv,149.09,150.09,NORMAL,ANOMALY,0.6167682658933334,ANOMALY_RECORDING_SAFE_REGION
0.4018716320209205,0.7584673186786206,-1.6465029120445251,2.116196930408478,0.8583551025809156,-0.8544133689254523,-0.1443737400695681,0.3811635910533368,1.0462814569473269,1.5617402642965317,2.416153633221984,0.0305519914627075,0.6995738995437534,-1.5960469245910645,1.858898639678955,0.700240719399544,-1.272005009651184,-0.3450815677642821,0.0756411552429199,0.4225541353225707,1.1113664150238034,2.3833714246749875,0.4132784143090248,0.7730741722681009,-1.1009549498558044,2.2638848423957825,0.876608649034329,-0.7735808372497559,-0.1629776805639267,0.4064793288707732,0.8923872038722038,1.7693798840045922,2.542960721254348,1.2916602785256768,0.5719851358843586,0.1957243199664465,2.637279316475582,1.4126405313432275,0.447205272420388,0.8022329626567635,1.2305303330542392,1.7262990860323908,2.2674669119628525,1.8202616395424644,-0.0048038404518156,0.0959793628787352,-0.237198793888092,0.2284634299576282,0.096099505626691,-0.0607553892839641,0.0639797864312516,-0.2237292267382145,0.0844520581886172,0.0882305525248176,0.0213875976004855,0.0511055505007444,-0.0934623107314109,0.150853057205677,0.055400420784543,0.1307825412886542,0.0546340452256182,0.024362517603843,0.2571420181281221,0.1417355001530437,-0.0004278200514916,0.7741995623375975,-1.80544525524044,1.8179934402529396,0.7741996805435429,-1.3921649294765592,1.3498493028815173,2.7420142323580765,2,0.02,1.3456190379499051,199.55532707936763,2.0088952003633462,59.9385145353724,NORMAL,95.csv,186.59,187.59,NORMAL,ANOMALY,0.5517365632105651,ANOMALY_RECORDING_SAFE_REGION
-0.00268642395,0.3910465010017697,-1.199482143,0.658392608,0.391055728534139,-0.7209992301,-0.26954910125,0.093634842,0.271326212,0.5430557575499999,1.2640549876499998,0.06543420317,0.1940866536292918,-0.522143841,0.47730875,0.2048200772910447,-0.28518438385,-0.03989887225,0.0886757374999999,0.1837564705,0.3656574249999999,0.6508418088499999,-0.11704646436,0.4191280804294125,-1.891876936,0.73227191,0.4351645925665607,-0.75746303185,-0.359888293,-0.108225971,0.14912281225,0.5491789979499998,1.3066420298,0.5617097788941315,0.2621568114682555,0.1952584052139867,1.9082385238540684,0.6198742368452624,0.2321012914790742,0.3898891061494078,0.5422438076577718,0.6919881103623721,0.8977197481125976,0.6656184566335234,-0.0087704923499999,0.0452033065737162,-0.118935372,0.120645796,0.0460462860745444,-0.0094476348499999,0.0482917822426545,-0.142667469,0.098990639,0.0492072559327473,-0.00725585901,0.0338257220900865,-0.108917192,0.072387477,0.0345951870191326,0.0674141325878023,0.0345510664091957,0.0126542736856276,0.1685435882144536,0.075752501361859,-0.0022373841432745,0.3486483105682108,-1.567346392554923,1.0676051851486106,0.348655489487649,-0.5050581864704888,0.4094318856371625,0.9144900721076512,4,0.04,1.346528744959937,38.42440695044965,0.5738441462578456,12.156065034987217,NORMAL,15.csv,29.09,30.09,NORMAL,ANOMALY,0.5956491157510896,ANOMALY_RECORDING_SAFE_REGION
-0.05066965977,0.8333011405127609,-1.925227106,1.806914091,0.8348402273495663,-1.1858133261,-0.5783467852499999,-0.0947259365,0.2541576885,1.61789821405,2.80371154015,0.1487894933899999,0.5793133858821454,-1.450494766,1.74121809,0.5981156346439109,-0.8363379718499999,-0.10169816,0.094045639,0.32933795475,1.39272620675,2.2290641786,0.28885293905,0.5013375781377609,-1.135783434,1.505096078,0.5785977770877265,-0.4018310491999999,-0.051094711,0.2251191215,0.6416997165,1.16576597685,1.5675970260499998,0.9857396459319224,0.6463692874011195,0.1352208829826845,2.515281747230054,1.1787603256207015,0.2178367307521719,0.3652291252348096,0.9022595143108288,1.5259650986635294,1.979759604906292,1.7619228741541195,-0.03295310452,0.0433859590393534,-0.14153737,0.053297953,0.0544816348806687,-0.00994732404,0.0244752512621874,-0.068508485,0.069791302,0.0264194470022362,-0.00234205637,0.0483226195019174,-0.128128886,0.113315417,0.0483793425293001,0.0667226800439187,0.0394319726934713,0.0136337167255639,0.169949676759263,0.0775035257439416,0.0081208131103753,0.3174511961779128,-1.216514787732216,0.8519460455835957,0.3175550496533811,-0.5143297417773237,0.4596619080681255,0.9739916498454492,3,0.03,1.5295421012981318,138.94759052574224,0.6006796502741825,10.084120956036132,NORMAL,15.csv,26.59,27.59,NORMAL,ANOMALY,0.835,ANOMALY_RECORDING_SAFE_REGION
-0.3035300458595156,1.5006126635368136,-4.238735198974609,4.4403159618377686,1.5310025652187946,-2.6379266500473024,-1.2818749397993088,-0.3786382563412189,0.7763229012489319,2.1157682836055747,4.753694933652877,0.0322397637367248,1.0493282052495507,-3.415727138519287,2.315497875213623,1.0498233588075867,-1.4650194406509398,-0.7158197164535522,0.053546667098999,0.792155385017395,1.7723054409027097,3.2373248815536497,0.0417245423793792,1.3174427671736109,-4.43799901008606,3.8259336948394775,1.318103327594172,-1.7518190056085583,-0.941565342247486,0.0293909460306167,0.820463702082634,2.2718552201986304,4.023674225807189,2.047960729687051,0.9946613349673772,0.4254796786970281,5.896833860384726,2.276728864318147,0.7337288695139513,1.433039140268271,1.9294958907260351,2.4851448924856308,3.797419838354593,3.0636909688406413,0.0011701119107892,0.2847800657868495,-0.8447649002075195,0.605977863073349,0.2847824696701785,0.007456215795828,0.1071468715828107,-0.2448040649294853,0.3190241381525993,0.1074059925887624,0.0128361018721479,0.1080585867901762,-0.2276998423039913,0.299781896173954,0.1088183058605592,0.2810003458082428,0.1597414524205712,0.0539386463033554,0.8858478489956592,0.3232313814681143,-0.0069319701331271,1.2967635420912065,-3.112880186793393,3.4787571731621547,1.296782069704412,-2.02982176743423,2.1552626469902263,4.185084414424456,4,0.04,3.848873130697675,518.3494321619401,10.447852596578564,168.1643736306859,NORMAL,91.csv,71.59,72.59,NORMAL,ANOMALY,0.7843700700447875,ANOMALY_RECORDING_SAFE_REGION
0.0667640812695026,1.4099013046620232,-3.5007930994033813,4.607268810272217,1.4114811835215642,-1.9192884445190432,-0.8715837858617306,0.1112746149301528,0.8585808277130127,2.48874408006668,4.408032524585723,0.0874171042442321,1.1631494701769225,-3.029704093933105,2.2910280227661133,1.1664297836077844,-1.947905683517456,-0.6027710437774658,0.192284345626831,0.8825984001159668,1.864981961250305,3.812887644767761,0.1246248698234558,1.228501997558482,-2.761455535888672,3.47599720954895,1.234807076503732,-1.6884707182645795,-0.7756792306900024,0.1017418950796127,1.0920619294047356,2.103706288337708,3.792177006602287,2.051057411756206,0.818993028899736,0.4685043348945454,4.726415557280077,2.2085257724795597,0.8921996934669199,1.529669468459802,2.051902920015617,2.571291922810473,3.514941234910031,2.6227415414431112,0.0016789616076275,0.2605810836737567,-0.6530144661664963,0.6659953147172928,0.2605864925138471,-0.0114827307758678,0.0997760874672597,-0.2493244647979736,0.3631285607814788,0.1004346590393243,-0.0126482606713689,0.1115506638691581,-0.2854571133852005,0.2259588807821274,0.112265440397572,0.2709204143478714,0.1311415228455621,0.0670742404954384,0.6742087990176145,0.3009916442771716,-0.0005753529119241,1.176159120876044,-2.4564010672329326,2.5588331632372032,1.176159261601456,-1.7920052084199527,2.1613921202681805,3.953397328688133,2,0.02,2.6753581455238704,487.7586087706433,9.059596992467542,138.3350608650882,NORMAL,91.csv,73.59,74.59,NORMAL,ANOMALY,0.7445079704595828,ANOMALY_RECORDING_SAFE_REGION
-0.2443488243222236,0.8686952834049135,-2.8021408319473267,1.8637837171554563,0.9024066950979454,-1.6338288128376006,-0.7866730466485023,-0.2366074658930301,0.3673762269318103,1.071278778463602,2.7051075913012026,0.005719084739685,1.1342476376027846,-2.415455818176269,3.3666634559631348,1.1342620558485403,-1.5985477447509766,-0.7192312479019165,-0.1811590194702148,0.8059000968933105,1.9321887493133545,3.530736494064331,0.1199270796775817,1.2754708818893006,-3.053240299224853,3.559310913085937,1.2810965908109593,-1.954877066612244,-0.7778041958808899,0.1093445718288421,0.9436444714665414,2.364256736636161,4.3191338032484055,1.7734817738899276,0.7725665844204316,0.3378061871336265,3.847776885246408,1.9344499811788405,0.6923149442537823,1.2341099178653188,1.59187595275861,2.301342800786017,3.2856561108823445,2.593341166628562,-0.0024391829913947,0.231351837012777,-0.6123919367790223,0.4526508003473282,0.2313646950224948,0.0189377245327923,0.0868456728835551,-0.2240346595644951,0.234724786132574,0.0888864911506658,0.0104845775492867,0.0897030209859792,-0.2707658141851425,0.264657162129879,0.0903136664098963,0.234385648874627,0.1210386564447388,0.0167414288350578,0.6275275954473458,0.2637934585093563,0.0064762738805425,0.912370278945598,-2.5978132148589363,2.01621281584577,0.9123932639090688,-1.3026364533089831,1.642287792628064,2.944924245937047,4,0.04,2.0742951113564803,374.2096729682816,6.958698875232751,83.24614680266438,NORMAL,95.csv,4.59,5.59,NORMAL,ANOMALY,0.504991695999341,ANOMALY_RECORDING_SAFE_REGION
-0.0386054401518777,0.7671246333958294,-1.9306080341339111,1.957648992538452,0.7680954258241651,-1.5562837570905683,-0.3954856246709823,0.0271237641572952,0.353738535195589,1.1244873702526093,2.680771127343178,0.067525897026062,0.6999644286867086,-1.6209087371826172,1.950547218322754,0.7032140130827063,-0.8169870138168335,-0.3987658023834228,-0.0632581710815429,0.4368337392807007,1.514208221435547,2.3311952352523804,-0.7170234644412994,0.6654430197232942,-1.8450490236282349,1.742448791861534,0.9782315988853866,-1.538191670179367,-1.1727849170565603,-0.8584208786487579,-0.4566967263817787,0.4914176419377324,2.0296093121170995,1.304823500154567,0.5821110082021599,0.269190849997986,3.002974685130571,1.4287818561368109,0.5383692612333693,0.8476856793389594,1.271158226223809,1.6763792707337906,2.200321038343945,1.6619517771105763,0.0371436334230238,0.1902583865002886,-0.2619082704186439,0.6302597522735596,0.1938502079894607,0.1371907606280874,0.1822126519597553,-0.144774954766035,0.8538362234830856,0.2280849739371713,0.0093584483141312,0.0893554170859716,-0.2241262853145599,0.2495382614433765,0.0898441490440875,0.2535154859719311,0.1827635848941169,0.0526735853106138,1.0090005972042535,0.3125262062466659,0.0030050898108551,0.4750563773514122,-1.5240745712881187,1.8022282774318013,0.4750658819858764,-0.7663553682559756,0.7914091700326237,1.5577645382885992,3,0.03,1.698151184976004,204.141759242575,9.767262959093353,22.568759222701864,NORMAL,102.csv,131.55,132.55,NORMAL,ANOMALY,0.8110465838509319,ANOMALY_RECORDING_SAFE_REGION
-0.02823398331,0.3573305063217748,-0.907737285,0.902689755,0.358444205646744,-0.63580911275,-0.2501235137499999,-0.0056065995,0.21452005725,0.4966088781499999,1.1324179908999998,-0.04335023406,0.2200829106916039,-0.698895454,0.349889278,0.2243116813087211,-0.3938155173,-0.1833893065,-0.0399239064999999,0.1267166137499999,0.2704161167999999,0.6642316340999999,-0.38665648966,0.3632081697896255,-1.340080976,0.518158823,0.5304935584888125,-0.9986695675,-0.60025440125,-0.41510433,-0.1203766915,0.1586195137999997,1.1572890813,0.6226406301998264,0.2693325827963574,0.1753816134652014,1.445084915810273,0.6783961928927621,0.252717858558572,0.4037036116038854,0.5716085492796852,0.7769756894838018,1.1111380335538386,0.8584201749952665,0.00566302537,0.0527004684315569,-0.19700389,0.123394685,0.053003860512672,-0.1102281059699999,0.0288375170837524,-0.184633877,-0.039920013,0.1139378678810923,0.00428216213,0.0301316434877941,-0.066278828,0.097188586,0.0304344024384106,0.1244771207556314,0.0349706480738796,0.0544694198495678,0.2367854612094201,0.1292961709344835,0.0002145732450464,0.3054828218284819,-0.7089502629212276,0.9296592289806536,0.3054828971873377,-0.4916935379241686,0.5092629188479268,1.0009564567720954,5,0.05,0.8224442856104466,46.02213945313937,1.6717499818319193,9.331980047396952,NORMAL,57.csv,13.53,14.53,NORMAL,ANOMALY,0.7110314785090067,ANOMALY_RECORDING_SAFE_REGION
0.0290585732460022,0.4558982942613476,-0.8949131071567535,1.1001577973365784,0.456823440061365,-0.595989353954792,-0.3338576443493366,0.0172835327684878,0.2901338543742895,0.8510772883892058,1.447066642343998,-0.0398799419403076,0.3517344932278397,-0.7902235984802246,1.0113110542297363,0.3539880838325035,-0.5058318376541138,-0.2962913513183593,-0.0784142017364501,0.1417349576950072,0.637738800048828,1.1435706377029418,-0.2105929550528526,0.5085587073338178,-1.3933340311050415,0.8635424375534058,0.5504374183528375,-1.0894383877515792,-0.536339670419693,-0.1708831191062927,0.1784300953149795,0.6333300113677979,1.722768399119377,0.7371056858137215,0.3060257805298878,0.0659296915662903,1.6512503039586914,0.798108119497505,0.3371086038006782,0.4910668327081641,0.7097503593136127,0.9721041138818634,1.3168775337436698,0.9797689299429916,0.0025955645438371,0.0648396789709348,-0.1663384795188904,0.191872626543045,0.0648916090442756,-0.0014184280403642,0.0406717471883184,-0.113009984139353,0.0919351494521834,0.0406964735260461,-0.0042491753860958,0.0256531281441639,-0.0605672419071197,0.0689360909163951,0.0260026628452298,0.071914324610389,0.0370350141445306,0.0077296727469412,0.2044712472134243,0.080890434272873,0.0030021489161333,0.4048233079504114,-1.2702226159253132,0.9526127791403244,0.4048344396886563,-0.7317185037704723,0.5314754549668249,1.2631939587372971,3,0.03,0.91414461814497,63.69765704078439,0.6543262356853995,16.38909235580283,NORMAL,95.csv,178.59,179.59,NORMAL,ANOMALY,0.7718008825750003,ANOMALY_RECORDING_SAFE_REGION
-0.26761328701,0.729626833355834,-2.632099986,1.414700925,0.7771564754521182,-1.5391433331,-0.76259030775,-0.216038823,0.207455678,0.8443284120999998,2.3834717452,0.07735952153,0.3773232627728907,-0.84330368,1.265365601,0.3851718320450374,-0.3637349371,-0.1608060595,0.02418232,0.18974924075,0.8127847198,1.1765196569,0.34866312591,0.8194346991925089,-2.265737295,2.5624336,0.8905274850390918,-0.74563097065,-0.311554529,0.404833406,0.8888048975,1.6456695292,2.39130049985,1.0810877505902452,0.6136921090187348,0.1251278390419166,2.674547914919918,1.2431286052328372,0.2850327945740328,0.5721510228997325,0.9886905362307886,1.508335034395122,2.1953476632521736,1.9103148686781408,-0.01753945782,0.0951287098113618,-0.483194038,0.240833435,0.096732125020563,0.03877708539,0.055238822541632,-0.20473133,0.165238924,0.0674906650369461,-0.0263514798,0.0565259712643342,-0.145324728,0.104885481,0.062366544837967,0.1124551581851839,0.0718019302713689,0.0331397667027462,0.510890361615236,0.1334229357837297,-0.0172683592717308,0.4498059151951194,-1.360025854201806,1.167065246416724,0.4501372652607829,-0.8048222265979642,0.7428819259472942,1.5477041525452584,4,0.04,1.5934601643296729,154.53687291481393,1.7801679793149272,20.26235575764565,NORMAL,57.csv,11.53,12.53,NORMAL,ANOMALY,0.7949841269841269,ANOMALY_RECORDING_SAFE_REGION
-0.0362112937867641,1.2286096944324276,-3.5597445964813232,2.398605942726136,1.2291432134015363,-2.171715724468231,-0.6607518903911114,-0.045751854777336,0.754389800131321,1.9391151905059807,4.110830914974212,0.1591509532928466,1.5576480005429725,-4.017521381378174,3.84195327758789,1.565757426784092,-2.431072640419006,-0.8326165676116943,-0.0990281105041503,1.2930912971496582,2.628686761856079,5.059759402275086,0.1776218520104885,1.451240908693472,-3.642755389213562,3.471430540084839,1.4620703462477755,-2.234644192457199,-0.7394123822450638,0.2088237255811691,1.174293473362923,2.285090258717537,4.519734451174736,2.242561013478027,1.0348715653577936,0.4907166616755913,6.487058383246849,2.4698257136805597,0.7295314368861188,1.6222456741322375,2.073962927152377,2.8333921410307066,4.162641113617719,3.4331096767316,-0.047261996891757,0.1689449014064246,-0.5094001352787018,0.2703076660633087,0.1754311148611414,0.0509131359394523,0.081465587385344,-0.1531743425875902,0.2163988471031189,0.0960665880482297,-0.0189621589615126,0.1005371148015553,-0.2671617060899734,0.2475529462099075,0.1023097010312453,0.1988975004542664,0.1044601581407915,0.0278274722776494,0.5555412014182767,0.2246600550292688,-0.0076064487058907,1.0121881663098038,-4.413667529471976,1.965660332321685,1.0122167465911234,-1.3036278473681444,1.6488296320429168,2.952457479411061,4,0.04,4.244497369768822,610.0039055957684,5.04721403257541,102.45827420795185,NORMAL,95.csv,151.09,152.09,NORMAL,ANOMALY,0.8219670962159489,ANOMALY_RECORDING_SAFE_REGION
-0.1931586201116442,1.00261241884151,-2.9730467796325684,2.136337459087372,1.021049418460565,-1.9206032544374465,-0.769142173230648,-0.2364221476018428,0.454571008682251,1.3739357709884643,3.2945390254259106,0.1024317693710327,0.5994055312764432,-1.8298554420471191,1.5918779373168943,0.6080947774000988,-0.8915440797805786,-0.2634259462356567,0.1404175758361815,0.5118327140808105,1.03824725151062,1.9297913312911987,0.3017315039038658,0.6646411517860356,-1.6669573783874512,1.9059070348739624,0.7299244899957505,-0.6746907100081444,-0.094010792672634,0.2487322017550468,0.6738562434911728,1.4641617789864536,2.138852488994598,1.2657474713377816,0.5856571293320879,0.1706072398115355,3.039874449702027,1.394672339417216,0.4580209635622427,0.8753658358350975,1.1522362639815693,1.6360758310516976,2.302818585989686,1.8447976224274432,0.0026597051886928,0.1010640110649745,-0.2808450907468796,0.2524704158306122,0.1010990027855471,0.2003798358715139,0.0608909886238103,0.0597731187939643,0.3992917656898498,0.2094272931579832,-0.0324503588171937,0.078091419003743,-0.2083659768104553,0.1709810495376587,0.0845653327870397,0.2383307169426119,0.0665624845894087,0.0778085926700001,0.4351469804478076,0.2474511971947088,-0.0001067146307295,0.6174117092724819,-2.131000131396604,1.4258256287574294,0.6174117184948632,-0.9284923025613838,0.9615393560671488,1.8900316586285328,4,0.04,1.7741269783642453,194.511093433549,6.123209499309469,38.11972301347802,NORMAL,102.csv,190.55,191.55,NORMAL,ANOMALY,0.7688061929434986,ANOMALY_RECORDING_SAFE_REGION
-0.5306500365585088,1.0576938528861313,-3.1547106504440308,2.483219087123871,1.1833451515651112,-2.1886783063411714,-1.2071962356567385,-0.5580466315150261,0.1612350083887576,1.145606648921966,3.3342849552631373,-0.0264657831192016,0.6481863987312165,-1.310147762298584,1.52791166305542,0.6487264794782592,-0.9671293258666992,-0.5094469785690308,-0.0327489376068114,0.4717476367950439,1.12313015460968,2.090259480476379,-0.043564840555191,0.9104726895477808,-1.8717632293701167,1.7581568956375122,0.9115143519138736,-1.4601961255073548,-0.7616816684603691,-0.0712097734212874,0.6756650172173977,1.611582174897194,3.0717783004045485,1.5006241174579316,0.6325641981312922,0.1785792971242302,3.317562266160708,1.6284993726292565,0.6718089822040894,1.0522802739501431,1.4387193901369186,1.9073355785669328,2.7903237167646857,2.1185147345605966,0.0071761339999065,0.1340364985080981,-0.3191768452525139,0.316000348329544,0.1342284613317757,0.1569519315344514,0.0891497643607643,-0.0349109206348657,0.3675267994403839,0.1805037099285633,-0.0212248021671985,0.0826633502736082,-0.2534477949142456,0.233411431312561,0.0853447227747209,0.2263493660671182,0.0815386737442953,0.0554244090675953,0.4782736972663418,0.240588010580255,0.0045215566459447,0.7815114166127235,-3.1389829690364777,2.3480847528963564,0.7815244965901762,-1.0646715819107957,1.1729294569750457,2.237601038885841,6,0.06,1.8169381487027765,265.2010206653881,5.788259083496492,61.07805387705283,NORMAL,102.csv,188.55,189.55,NORMAL,ANOMALY,0.7164273336245816,ANOMALY_RECORDING_SAFE_REGION
0.1656284522078931,0.7036016124405247,-2.1040252447128296,1.823228359222412,0.7228333232562598,-1.0185813806951045,-0.3127012141048907,0.226263292133808,0.5956072472035885,1.255330744385719,2.273912125080823,0.1731544542312622,0.6027820538914972,-1.41725492477417,1.8626575469970703,0.627159205875014,-0.6519764184951782,-0.2803391218185425,0.1702499389648437,0.5737979412078857,1.198662233352661,1.8506386518478397,0.061359227001667,0.7681863876936024,-1.9730549454689024,1.832202196121216,0.7706330391152377,-1.6074913829565047,-0.4811915159225464,0.132172554731369,0.5137035027146339,1.3497639209032055,2.9572553038597107,1.1123035917816826,0.5219891602409215,0.1033883948224841,2.6250499447226865,1.2286952281584942,0.4917827348504056,0.7001818717544882,1.0082229590829406,1.5344320106974167,1.9215538737689224,1.4297711389185168,0.0104485364025604,0.1057817734727148,-0.2863123178482055,0.4027431368827819,0.1062965451554676,-0.0168339060710495,0.0490574373533523,-0.1261741206049919,0.1129183538258075,0.0518653309377951,-0.0282430275605365,0.1037205538642017,-0.4921432018280029,0.2542113780975342,0.1074970785634754,0.1315180692063131,0.0908162289307413,0.0239505349478306,0.4993737917171451,0.1598267498416876,0.0185044423756278,0.5447300949570201,-1.9841606120852573,1.6670197727654128,0.5450443016301676,-0.7299339151772956,0.979719037225972,1.7096529524032675,2,0.02,1.512746352941004,150.96919636994542,2.55445899649574,29.70732907395172,NORMAL,95.csv,14.59,15.59,NORMAL,ANOMALY,0.5762456676083438,ANOMALY_RECORDING_SAFE_REGION
0.3788841715455055,1.739304449807768,-4.723083019256592,6.055093050003052,1.780093588710668,-1.8042092680931088,-0.6284689716994762,0.1905271969735621,1.027913719415665,3.7172231316566458,5.521432399749755,0.0163906240463257,1.1787970891999204,-3.309390068054199,3.1237802505493164,1.1789110356862529,-2.0145539045333862,-0.76725172996521,-0.0280790328979491,0.8732041120529175,1.827136158943176,3.8416900634765616,0.2865283480286598,2.077834467898557,-4.651465654373169,6.736138820648193,2.09749721578154,-3.5988764584064485,-0.9650626927614212,0.2611977756023406,1.3708177879452703,3.684373927116393,7.283250385522842,2.5236497667290654,1.609114924339248,0.3626034793506009,7.425232075852906,2.9930016680321065,0.6773581471589624,1.241548267211942,2.2280357744626023,3.375624931067718,5.524464948876273,4.847106801717311,0.0102164083353563,0.1728126385852443,-0.2976744055747986,0.5484954833984375,0.1731143640893759,-0.085972803650191,0.1295315694519187,-0.509766660630703,0.2724456898868084,0.1554662357303075,0.0342004864653062,0.0823141304675392,-0.1998444139957428,0.2370155379176139,0.0891363525677973,0.2138067701336232,0.1279464258990426,0.0285122403380765,0.643835051898918,0.2491658541118972,0.0154957731780317,1.3272916061539686,-4.14045673845421,3.32585422254658,1.3273820575678903,-2.0975066487990506,2.2816303329404968,4.379136981739547,5,0.05,4.901582309123841,895.8058984842971,6.208362285531123,176.19431267531667,NORMAL,95.csv,166.59,167.59,NORMAL,ANOMALY,0.6265544527851298,ANOMALY_RECORDING_SAFE_REGION
0.3376174309849739,1.3313908520377555,-2.732335448265076,3.974110722541809,1.3735308990316577,-1.7389074206352233,-0.5461175441741943,0.1239166557788848,1.2586781084537506,2.366946992278099,4.105854412913322,-0.0662612628936767,0.734589282895452,-1.8887052536010744,1.6167049407958984,0.7375716707582519,-1.3674252033233645,-0.5551519393920898,-0.1037509441375732,0.56251060962677,0.9519856214523316,2.319410824775696,-0.0922994381189346,1.5511882467213784,-4.765875577926636,5.146579265594482,1.553931839896337,-2.713954672217369,-0.9177100956439972,-0.2179976999759673,0.6146773248910904,2.474079604446888,5.188034276664256,1.9117985305547065,1.0910222920327133,0.242342988964818,5.890906337348638,2.2012049570958743,0.6400687011106904,1.102563284732927,1.7520394619907085,2.321059013112635,4.141176026580309,3.501107325469619,0.0374166895088273,0.1847373994712348,-0.59760901927948,0.5087892770767212,0.1884885020822081,-0.2148237331657437,0.0824586963936873,-0.5380191504955292,0.0618500581476837,0.2301057864161893,0.0284751563319878,0.1043673950132289,-0.2419024556875229,0.2822500705718994,0.1081821966405679,0.299177086735772,0.1033104389772999,0.140135063852538,0.7924621360708823,0.3165122051823374,-0.0004439263265846,1.12862572173167,-3.328441226209849,3.8053993031110553,1.1286258090372183,-2.041694501872846,1.632706829706054,3.6744013315789,6,0.06,3.979107806793932,484.5303263143449,10.017997602938603,127.37962168249162,NORMAL,95.csv,162.59,163.59,NORMAL,ANOMALY,0.8550133942741064,ANOMALY_RECORDING_SAFE_REGION
-1.1098629946099998,1.061992287975745,-4.51431179,1.21395421,1.53610659998733,-2.89547240695,-1.678315401,-0.9355383555,-0.410390824,0.3171708496499997,3.2126432566,-0.15078105211,0.5930945625420633,-1.567061424,1.111388206,0.6119608531535002,-1.1210621593,-0.55170035375,-0.1216540335,0.26722180875,0.8003348592999998,1.9213970186,-0.08248068541,1.205837782790651,-3.115658283,2.690338135,1.208655377628866,-1.89586030265,-0.90919141475,-0.174477458,0.77867749325,1.90833873475,3.804199037399999,1.8121145011599928,0.9545723801126036,0.2599783489520472,4.741370320549824,2.048161955068049,0.7408190837197222,1.0938350413501616,1.4839036439136275,2.44134163852741,3.6990582324015264,2.9582391486818045,-0.0117469296599999,0.1574973088887473,-0.452925688,0.442846417,0.1579347734466178,-0.01827066011,0.1045735627095435,-0.21487169,0.225103673,0.1061576518138093,-0.03815247474,0.0576460661351758,-0.196851172,0.092698731,0.0691279991728923,0.1838129200261092,0.0848783270533712,0.0263261632365693,0.5141588250057577,0.2024636262934749,0.0144159365578623,0.9611446900143792,-2.0800553699669013,2.5441079476485733,0.9612527942064342,-1.7722696372229447,1.502676722372213,3.274946359595158,5,0.05,2.929255819389831,419.4967394188172,4.099151997190388,92.40069343696771,NORMAL,76.csv,1.09,2.09,NORMAL,ANOMALY,0.6465777777777778,ANOMALY_RECORDING_SAFE_REGION
0.11121118478477,0.719186981080174,-1.4209606647491455,2.0174319744110107,0.7277347328363866,-1.0364293798804285,-0.4238123632967472,0.0906060189008712,0.7060648202896118,1.2343412697315217,2.2707706496119497,-0.1219997119903564,0.6112192283502086,-1.910594463348389,1.1907663345336914,0.6232759219083907,-1.0772793292999268,-0.4926536083221435,-0.1369693279266357,0.2092137336730956,0.9132896423339842,1.990568971633911,0.0189172998070716,0.6723570126810129,-1.763660550117493,1.426811933517456,0.6726230866788073,-1.0981728136539457,-0.4176263809204101,0.0738512575626373,0.5810055956244469,1.0112489476799966,2.1094217613339423,1.077837247713204,0.4569019592675796,0.1531136672881955,2.4314978834712515,1.170680371809713,0.4240704820295204,0.7365081068784577,1.039984305194518,1.4438376534414497,1.836888552442217,1.4128180704126965,-0.0121699535984516,0.0971369998158122,-0.2466061145067214,0.2804480254650116,0.0978963967866314,-0.0023912301528616,0.0524654846499387,-0.1221729554235935,0.0958141416311264,0.0525199491735941,-0.0305533185373642,0.132660966269073,-0.5297724843025208,0.1912923067808151,0.1361338945490423,0.1452325184083506,0.098904006020284,0.0243733890365419,0.5329660904034783,0.1757113735934367,0.0094875718215976,0.5554902135998229,-1.7240613560954758,1.3591744937252486,0.5555712298384851,-0.9564288366485234,0.8947494740236166,1.85117831067214,2,0.02,1.3536606357580474,137.04925329405276,3.087448681009228,30.86593914242468,NORMAL,95.csv,1.09,2.09,NORMAL,ANOMALY,0.5807525252525253,ANOMALY_RECORDING_SAFE_REGION
-0.2378362116590142,0.9130204979308596,-2.2852121591568,1.7156329154968262,0.9434895299992608,-1.5975664764642716,-0.952705718576908,-0.344007734209299,0.4911428578197955,1.3422046005725858,2.939771077036857,-0.0865659046173095,0.4663263780117168,-1.065074443817139,1.3722801208496094,0.4742931020705864,-0.8708459138870239,-0.4096473455429076,-0.0778851509094237,0.2319728136062622,0.6295140743255615,1.5003599882125855,-0.2758721089363098,0.5487390053309358,-1.4974061250686646,1.2287296056747437,0.6141823153270956,-1.1739989548921586,-0.7062392085790634,-0.2902673408389091,0.0636412501335144,0.5638843685388563,1.737883323431015,1.1203328102487244,0.4870325970925488,0.2030726420607061,2.4187327985086484,1.2216162885090054,0.3811766916658692,0.8033438662283557,1.0048150819278892,1.436819128601613,1.875832747278442,1.4946560556125728,-0.0060533646910334,0.0675014394079615,-0.1756236217916011,0.1435532234609127,0.0677723213873433,0.0401955132962902,0.0596324107002986,-0.0969747845083475,0.1946520626544952,0.0719145582971997,-0.0083434966883505,0.0656026788183153,-0.1739437505602836,0.147035151720047,0.0661311228176835,0.1107527641407918,0.0432659436695004,0.0386456474887511,0.2343546848950512,0.1189038125815915,0.0122102979675409,0.6519581371357194,-1.5598327211390557,1.7756953733969176,0.6520724683299653,-1.10340224412847,1.0576375979425834,2.161039842071053,4,0.04,1.298399988259924,149.23463563505177,1.4138116646438246,42.51985039539337,NORMAL,102.csv,200.05,201.05,NORMAL,ANOMALY,0.6712108262108264,ANOMALY_RECORDING_SAFE_REGION
-0.06649141454,0.3939501985021861,-1.058885574,1.1998353,0.3995220483370624,-0.6749065533999999,-0.3283656367499999,-0.067375366,0.18349134,0.5974775966,1.27238415,-0.00303352359,0.2781066283771662,-0.577050209,0.661306858,0.2781231723763526,-0.44227480845,-0.20893967125,0.0064141749999999,0.1464527845,0.4762631182499999,0.9185379267,-0.10253509921,0.3022920346924033,-0.941700578,0.628445596,0.3192082718359249,-0.5280842981,-0.329210583,-0.1249364465,0.091337975,0.4095055107,0.9375898088,0.5231437796874058,0.2553132834440488,0.0733544764112429,1.3721414197266089,0.5821205089400356,0.183046354790634,0.3507989642037111,0.4754999538269787,0.6789073642214325,0.9794224690366792,0.7963761142460453,-0.0006826429299999,0.0336387071532455,-0.13439025,0.103969187,0.0336456330050675,-0.0217415951299999,0.0219565498871777,-0.067042411,0.040011643,0.0308996285049669,0.00696019977,0.0318921704596191,-0.07489202,0.083444129,0.0326428386857471,0.05154396151947,0.022261864486151,0.0073141335186805,0.1352691385792471,0.0561459756306751,-0.0060732534743106,0.377843358436552,-1.0332986713116956,1.1114294147506667,0.3778921644098696,-0.5954070562404861,0.5869426210216971,1.182349677262183,4,0.04,0.8489976400392031,33.88642869286061,0.3152370579520364,14.280248792237597,NORMAL,42.csv,24.09,25.09,NORMAL,ANOMALY,0.5736338588947283,ANOMALY_RECORDING_SAFE_REGION
-0.0844385050237178,1.0944028704577018,-2.53780198097229,2.9475343227386475,1.097655457781128,-1.8154972791671755,-0.8098022304475307,-0.0594850182533264,0.5642528906464577,1.6880692064762115,3.503566485643387,-0.08862233877182,0.9861784741240858,-3.9725399017333984,1.961002349853516,0.990152463893868,-1.6565192222595215,-0.6722143888473511,-0.0647311210632324,0.4842703342437744,1.5176192283630368,3.174138450622558,0.1414618620276451,1.3416099270640645,-2.427914619445801,3.080208539962769,1.3490473137756038,-1.9976712584495544,-0.8915694355964661,0.2192872166633606,1.1425763815641403,2.2675318539142606,4.265203112363815,1.864007001919184,0.7284613629790015,0.2271297294184836,4.49067749144995,2.001294096467825,0.6773054659218265,1.3325059381608195,1.9108904916484324,2.3541935890876315,2.9183586391705902,2.241053173248764,-0.0039186976016353,0.2123054500851003,-0.5238165497779846,0.5086670994758606,0.2123416123295904,0.0142807970478897,0.1047729412774775,-0.1882990673184394,0.272354057431221,0.1057417154592111,0.0325606197550077,0.079534693492487,-0.186313759535551,0.2023489587008953,0.08594161639028,0.2257590766133479,0.1126457787466951,0.0709381106115331,0.5662815614457279,0.2523018671012184,-0.0015493822453648,0.9354367062880764,-2.420597200901571,2.5148002997445613,0.9354379894233648,-1.461186243404596,1.5473051220644558,3.008491365469052,2,0.02,2.626670489530766,400.5178060556967,6.36562321427609,87.50442320564271,NORMAL,95.csv,6.09,7.09,NORMAL,ANOMALY,0.5385211913432723,ANOMALY_RECORDING_SAFE_REGION
0.0250383284899999,0.1103924329339225,-0.281033158,0.280176252,0.113196321241654,-0.16229885265,-0.04119208025,0.0333060475,0.1061407662499999,0.1919568430499999,0.3542556956999999,0.0066732358999999,0.1085063319664359,-0.221785545,0.223784447,0.1087113432636514,-0.1543021445,-0.0867152215,0.0012114044999999,0.093094468,0.196669984,0.3509721285,0.00916029685,0.1717556991196042,-0.419591725,0.396220893,0.1719998000535004,-0.2555028165999999,-0.112202197,-0.0020333685,0.137577541,0.29434871635,0.54985153295,0.2152785725860709,0.0887165751175005,0.0277523305570905,0.4654190266000535,0.232842209479457,0.0693503506210245,0.1511519553564225,0.2168928917730759,0.2709416472502455,0.3450217472746653,0.2756713966536408,0.0003701961899999,0.0120408014174478,-0.031581709,0.022663083,0.0120464909410792,-0.00108337609,0.0142629818655263,-0.037415467,0.027488915,0.0143040677937682,0.00141597424,0.0184553679679481,-0.036041023,0.035888306,0.0185096080423305,0.0247608345725617,0.0089011774835222,0.0057220297596943,0.0465208218829068,0.026312162384018,-0.0012959277970212,0.131257196455467,-0.313950483480525,0.2967273469406759,0.1312635937730037,-0.2266905917258219,0.2015772357374005,0.4282678274632225,4,0.04,0.2501404540139825,5.421549451527533,0.0692329889322933,1.723013105020415,NORMAL,15.csv,2.09,3.09,NORMAL,ANOMALY,0.5782777777777778,ANOMALY_RECORDING_SAFE_REGION
0.1822240245342254,0.9832222617660962,-2.002872347831726,2.611073613166809,0.9999658049902944,-1.310226058959961,-0.4909025505185127,0.0917621552944183,0.792779766023159,1.7514439195394516,3.0616699784994124,0.0297237062454223,1.103541455360208,-2.0031471252441406,2.7383413314819336,1.1039416843345895,-1.4157963514328002,-0.8420037031173706,-0.1845500469207763,0.8788574934005737,2.089068055152893,3.504864406585693,-0.3422234605252743,0.8572998477841366,-2.022681176662445,1.8548388481140137,0.9230817547458064,-1.6566830456256867,-0.9379541426897048,-0.4514433331787586,0.2895259615033865,1.1260059222578995,2.7826889678835864,1.6276848028126096,0.6491078201646107,0.3955307734997487,3.480709006726562,1.7523409427123406,0.7776591824109796,1.154407341550816,1.534047450439295,1.9216108274809,2.8734782030283217,2.095819020617342,-0.0041703736160998,0.1125922231639022,-0.3531409323215485,0.270307669043541,0.1126694312273201,0.0254672581078484,0.0391884678887053,-0.0704021668061614,0.1312442995607853,0.0467366799312474,0.0122756332355493,0.08045339642362,-0.1450498431921005,0.2158490687608719,0.0813845204411126,0.1306151908242813,0.0666470560298812,0.0350937160467722,0.3599882283705789,0.1466361420370625,-0.0084417263407108,0.6024875701757553,-1.7314436123175574,1.8131655112811176,0.602546707699824,-0.9022104818899505,0.907971248704914,1.810181730594864,5,0.05,1.8530242039139524,307.0698779505975,2.150215815151357,36.30625349598971,NORMAL,95.csv,97.59,98.59,NORMAL,ANOMALY,0.8816587301587303,ANOMALY_RECORDING_SAFE_REGION
0.12146398674,0.2845463225496549,-0.715040028,0.682533294,0.3093866670548476,-0.3929546853,-0.06551725125,0.1639949674999999,0.29896876125,0.53742137605,0.93037606135,-0.02990397723,0.2702377272623621,-0.669659138,0.75947094,0.271887250694289,-0.49693493795,-0.14690601825,-0.0531330105,0.03159880625,0.50630307205,1.00323801,-0.22491259774,0.2548700845297199,-0.96147871,0.417172574,0.3399182793118688,-0.650032225,-0.357886158,-0.2152463495,-0.0870654805,0.2542507242,0.9042829492,0.4830278258879377,0.2277528108931261,0.0927833917314026,1.1297776610356047,0.5340292346414641,0.1862418820642106,0.3001147068567192,0.4506968437798979,0.6264709960992848,0.8947322983401182,0.7084904162759076,0.0005549707999999,0.0243915277629052,-0.051495901,0.047708539,0.0243978404617587,0.00267619869,0.0410978531004016,-0.091782434,0.084085539,0.0411848949117336,0.0046923597,0.0188814217961673,-0.043524115,0.066278829,0.0194557530977077,0.0477708610082481,0.0196957192104676,0.0144441104171853,0.0967711094201837,0.0516718154963317,-0.0007647756794953,0.2209688992326092,-0.6228534461076217,0.5739200350808495,0.2209702226769728,-0.3392563777156789,0.3445567277555763,0.6838131054712552,4,0.04,0.646749835147667,28.5187223451748,0.2669976516686945,4.882783930991096,NORMAL,57.csv,12.53,13.53,NORMAL,ANOMALY,0.7393518518518518,ANOMALY_RECORDING_SAFE_REGION
0.674239260815084,2.044799100407344,-3.677281618118286,4.897999286651611,2.153091252560177,-2.531263828277588,-1.177342213690281,0.7962963506579399,2.215276062488556,3.896170139312744,6.427433967590332,0.4081347322463989,2.1115007989339967,-4.562569856643677,4.20499324798584,2.1505835448930477,-2.715647006034851,-1.2240676879882812,0.5617477893829346,2.2486946582794194,3.57902181148529,6.294668817520141,-0.1115795686841011,1.570025739976863,-3.904258728027344,3.103070974349976,1.5739856493429745,-2.756639134883881,-1.164040356874466,-0.2332213819026947,0.9487490877509116,2.5305320322513567,5.287171167135238,3.218555401770138,1.174369394819957,0.9604777288288162,6.434763384533496,3.426111841395947,1.218257516110946,2.340483930487011,3.2151225479944654,3.8399192438138,5.310195267841597,4.091937751730651,-0.0069479758689994,0.2644947016943013,-0.5251604437828064,0.9382882714271544,0.2645859436799952,-0.0233057132346657,0.1049688321815795,-0.3911672651767731,0.2327394858002662,0.1075249366376985,-0.049199660457205,0.1603950103657671,-0.4621497452259063,0.3025307841598987,0.1677711713595003,0.292622815986209,0.1551978965566698,0.0741953430223413,0.9820028683095632,0.3312317912449129,0.021356987640273,1.173449576928754,-3.613212628446245,2.4944230833595227,1.1736439112930883,-2.059442889112158,1.7406259294989364,3.800068818611094,4,0.04,3.216207982763358,1173.8242349753525,10.971449953131357,137.74400305153387,NORMAL,95.csv,159.09,160.09,NORMAL,ANOMALY,0.8050726239670071,ANOMALY_RECORDING_SAFE_REGION
-0.6111712852120399,0.9013253842866992,-2.811195135116577,0.996997594833374,1.0889985253558898,-2.3454069972038267,-1.2012554034590723,-0.5454484298825264,0.0401313267648219,0.7013971492648124,3.0468041464686397,0.0169737815856933,0.6315742746615222,-1.6572813987731934,1.112635612487793,0.6318023216762871,-1.11030969619751,-0.3613469600677489,0.0864253044128417,0.5447865724563599,0.8514130115509032,1.9617227077484127,0.0265303933620452,0.9545470989644628,-2.601126790046692,2.1590384244918823,0.9549157166543112,-1.7404648125171662,-0.5877573825418949,0.1343017369508743,0.6453100964426994,1.612190160155296,3.3526549726724624,1.4015128401029122,0.7298751583955537,0.162446391754599,3.2868368377203883,1.5801759357161045,0.4831352659852475,0.8375852241339015,1.2339602420861968,1.9178572850109707,2.822537076160417,2.3394018101751697,-0.0410055201082286,0.1322133197394481,-0.3039052337408066,0.3831954717636108,0.1384262063190055,-0.0230228826217353,0.1188228349765985,-0.2520122617483139,0.3925722479820251,0.121032719692198,0.0376295758478372,0.0507239936566493,-0.0839939061552286,0.1598633140325546,0.0631578064135221,0.1741943366066388,0.0863479903477957,0.0251727063193846,0.4375734521611106,0.1944213011553261,0.0014618847009669,0.7170733231030121,-1.9045152640193597,1.6096709259274429,0.7170748132607054,-1.1266063009266911,1.1660215828452989,2.29262788377199,5,0.05,1.885323997617476,249.6955987816266,3.7799642342930015,51.41962878128757,NORMAL,102.csv,187.05,188.05,NORMAL,ANOMALY,0.587967658072565,ANOMALY_RECORDING_SAFE_REGION
-0.1842047367990017,0.5641008164666435,-1.840709269046784,0.9750131666660308,0.593414792701971,-1.1162605464458468,-0.5659694448113441,-0.0994703955948352,0.1791302002966403,0.7035904116928575,1.8198509581387043,-0.0500007963180542,0.4245217918449412,-0.9778032302856444,0.8353986740112305,0.4274562332960874,-0.7673478126525879,-0.3954389095306396,-0.0475938320159912,0.2886129617691039,0.5576823234558105,1.3250301361083985,0.5608639208972455,0.554768469623801,-0.9115623831748962,1.797065019607544,0.7888830031461989,-0.3817370757460594,0.0999759137630462,0.6079111099243164,0.9710899516940116,1.4228760391473767,1.804613114893436,1.0188261226407922,0.3452385726695343,0.2297014695241404,2.096467623778484,1.0757306076495956,0.5173341164816286,0.8183272091051016,1.0156831028800912,1.2261966968355618,1.584826973195739,1.0674928567141104,0.0146131072579009,0.0588350182083302,-0.0990211799740791,0.1695149764418602,0.0606226217785529,0.0101131719641052,0.0406813742849183,-0.0872009456157684,0.0881172437220811,0.0419195713347021,0.0107182334269455,0.0448059759837285,-0.1133154153823852,0.1228449061512947,0.0460701205951205,0.079888515963031,0.0342437404654359,0.0211475925514889,0.1871461408620922,0.0869184027915815,0.0075922598800302,0.4094800812924542,-1.0892040043727964,1.0347058620101204,0.4095504601210464,-0.5916220148617924,0.7028596959522643,1.2944817108140567,2,0.02,1.077641501137692,115.7196340234168,0.755480874383961,16.773157938536087,NORMAL,102.csv,130.05,131.05,NORMAL,ANOMALY,0.506473079110845,ANOMALY_RECORDING_SAFE_REGION
0.0070047674299999,1.4478656685246936,-2.914927959,3.912456989,1.4478826129418112,-2.0749688265,-1.18825313475,0.047167428,1.15937738125,2.3861226324,4.4610914589,-0.0139896440599999,1.0063813487028477,-3.755418777,2.947772026,1.0064785785886794,-1.6206162333,-0.6498032805,-0.003307581,0.64743900325,1.3929110049499998,3.01352723825,0.05281406043,1.347182363147286,-3.327680349,3.514168382,1.3482172097085134,-2.1753692687000004,-0.874216616,0.134164393,0.8301746475,2.3196548399,4.4950241086,2.032923175948008,0.8912217430386042,0.3119071716265009,4.900687039079009,2.2196965636256016,0.6850011130925986,1.4920721797305938,1.844895290938368,2.5831556531884337,3.557113791587845,2.8721126784952467,0.00406255592,0.1491709163781679,-0.488111508,0.375651291,0.1492262264272119,-0.00421069081,0.0932636154658851,-0.278248902,0.164505886,0.0933586197780681,-0.01635987495,0.0825615741987688,-0.197156604,0.125532711,0.084166852397832,0.1739682621241635,0.0883368629544212,0.0450973271789731,0.5031380209542073,0.1951111416171046,-0.0098544242689366,1.2383115427048714,-4.507928292285468,2.7946509804673667,1.238350752603555,-1.8227780785109895,1.8463495114900004,3.66912759000099,2,0.02,2.867763863131001,492.70528345713046,3.806835758312987,153.35125864737913,NORMAL,22.csv,2.59,3.59,NORMAL,ANOMALY,0.579844849219088,ANOMALY_RECORDING_SAFE_REGION
0.8055673897266388,1.1022831335433825,-2.408942461013794,3.8587626218795776,1.3652717406748038,-0.7001189395785332,-0.0322904810309409,0.8327484428882599,1.476988062262535,2.8156237602233887,3.5157426998019217,0.0444067788124084,1.0040935736680536,-2.489405632019043,3.3052940368652344,1.0050750552500929,-1.462757229804993,-0.5780729055404663,0.0024850368499755,0.6804280281066895,1.6061233997344968,3.068880629539489,0.0095801657438278,1.4259992742706706,-3.9816465377807617,3.5129082202911377,1.4260314547008277,-2.507129156589508,-0.8650292828679085,-0.0086715221405029,0.7490601390600204,2.673414754867553,5.180543911457061,1.982826840230293,0.98798088242116,0.1414034973873432,5.555518719671446,2.2153348510704527,0.6910817222825324,1.214856144766385,1.809602255109994,2.691729069767992,3.5191816173933064,2.828099895110774,0.0030198097578249,0.2113251257476266,-0.54092076420784,0.5795579552650452,0.2113467009991489,-0.0471660916460023,0.1095996454321522,-0.3360672563314438,0.2719875421375036,0.1193177374911735,-0.0041645705628325,0.0757430956126178,-0.17876957654953,0.1864053875207901,0.0758574991741421,0.2203772791971295,0.1268556876843197,0.0218193767163739,0.6091326968388698,0.2542803780951083,-0.0026077853781025,1.3548255067564468,-3.744792977987156,3.0653127365303035,1.3548280165033646,-2.036221735741299,2.2264543590231853,4.262676094764484,3,0.03,3.5726918794411526,490.7708502367345,6.465851068419123,183.55589543024408,NORMAL,95.csv,208.59,209.59,NORMAL,ANOMALY,0.6246182862605626,ANOMALY_RECORDING_SAFE_REGION
-0.4299060580134392,1.1096935224212163,-3.179617404937744,2.337321162223816,1.1900583735347865,-2.0085394084453583,-1.211103767156601,-0.5843737870454788,0.1917358487844467,1.6283374622464175,3.636876870691776,0.0448370933532714,1.2148211804986755,-3.3748772144317627,2.504087448120117,1.2156483313559747,-2.2496742486953734,-0.6638978719711304,0.1976902484893798,0.7775163650512695,1.7598556995391843,4.009529948234558,0.0936526611447334,1.4080401995547114,-3.510093688964844,3.986587524414064,1.411151311696078,-2.295916610956192,-0.9146101996302606,0.1354900300502776,0.9606141895055772,2.459212684631347,4.755129295587539,2.0571261794057314,0.8084675036474668,0.5783013602300165,4.495251081635889,2.2102913433415035,0.9221950912296016,1.442472840627658,1.9362905330321671,2.5530137207862382,3.475510697154197,2.5533156059245954,0.0056734067864017,0.2757123368116624,-0.6201804578304291,0.635452076792717,0.2757707022413939,0.0357850699175323,0.1087241998434759,-0.2583958096802234,0.4724733650684357,0.1144618838767157,-0.0020674720078823,0.0761939836720562,-0.1959348805248737,0.1582139767706394,0.0762220282354186,0.264732738264139,0.1577256413992669,0.0484403641584059,0.7597773436941808,0.3081571038669062,0.0145532552946646,1.0082216931796668,-2.854448690565161,2.456252146380729,1.0083267227628878,-1.502555408924639,1.676795436670191,3.1793508455948296,3,0.03,2.438124902230157,488.5387822450389,9.496080066363929,101.67227798377458,NORMAL,95.csv,19.59,20.59,NORMAL,ANOMALY,0.7618434343434343,ANOMALY_RECORDING_SAFE_REGION
-0.0407414547353982,0.8264952819822612,-1.8001195788383484,2.905023694038391,0.8274988321882357,-1.44575974047184,-0.5058425031602383,-0.1532872449606656,0.4393146112561226,1.372675448656082,2.818435189127922,-0.1374255108833313,0.6517435550413694,-2.200655698776245,1.1991901397705078,0.6660746449006352,-1.3344084739685058,-0.4451615810394287,-0.0910713672637939,0.2746548652648926,0.9087289571762084,2.243137431144714,0.3461068555712699,0.8215282767175046,-1.954259157180786,2.0413559675216675,0.8914587286688402,-1.2942360550165175,-0.0548941195011138,0.411596268415451,0.8900090008974075,1.5649078547954558,2.8591439098119737,1.2481297939002691,0.6043843415830169,0.357621069199219,3.142047305821297,1.3867618450088195,0.4742924062805294,0.798188986580664,1.0981403705787738,1.5873913767674497,2.567417139888036,2.0931247336075067,-0.0207296962874388,0.0882697260070162,-0.2976744055747986,0.1564424678683281,0.0906711907803309,-0.0281984345490927,0.0570257974481887,-0.1818849861621856,0.1217148080468177,0.0636167689027139,0.0275646622674612,0.0469765461561584,-0.1091920807957649,0.1746156960725784,0.0544665630885672,0.1089287909393089,0.0580472490504563,0.009190115346866,0.3100672913087625,0.1234299988569447,0.0070314125114703,0.6990145634891614,-2.061828975162068,1.800442768000631,0.6990499272096732,-1.1741683929576507,1.2018418831240538,2.376010276081705,7,0.07,1.893917511921028,192.3108414772265,1.5234964617825373,48.86708007318494,NORMAL,95.csv,166.09,167.09,NORMAL,ANOMALY,0.7253550070410401,ANOMALY_RECORDING_SAFE_REGION
0.1970189179,1.9892781662639571,-4.881012917,5.482812166,1.9990107745545,-3.19729065905,-1.20269823825,0.1386923195,1.64818488825,3.1454670611,6.342757720149999,0.0174293086699999,0.7482128809416535,-1.710417747,1.559698582,0.748415857667195,-1.2674917698,-0.48931598675,0.0732707975,0.50461316125,1.2264394520999995,2.4939312219,0.0787221179599999,1.3018430320234788,-2.839187384,2.715104938,1.30422101343453,-2.1075471816,-0.7431822419999999,0.013303548,1.123623222,2.2321705939,4.3397177755000005,2.2723938144490297,1.0456525124202036,0.5456045793205886,5.819582262868394,2.50143215472195,0.7666399459616738,1.4960397627076762,2.1876169242603085,2.870559562765587,4.044742930326315,3.278102984364641,0.00301889382,0.1549926779568885,-0.379652463,0.392786056,0.1550220756542247,-0.01680947356,0.0989915538312841,-0.257112987,0.252745312,0.1004085959034204,0.01067577763,0.0837175193757279,-0.24205517,0.20158538,0.0843954695373548,0.1882810439293011,0.0760695329732194,0.0420981678666993,0.4167600358932805,0.2030672926639618,-0.0048972206514172,1.6549038584036893,-4.891567315965927,4.563521134223404,1.6549111043586378,-2.2684469913554244,2.642905779008356,4.911352770363781,4,0.04,3.5471884484193645,625.7162824676897,4.123632534987114,273.8730763329526,NORMAL,22.csv,6.09,7.09,NORMAL,ANOMALY,0.6063064713064714,ANOMALY_RECORDING_SAFE_REGION
-0.1533425752818584,0.736649418986824,-3.1206483840942383,1.6280093789100647,0.7524402380838612,-1.285370287299156,-0.5141387768089771,-0.0772721916437149,0.2367543876171112,0.9017831563949584,2.1871534436941147,-0.0941139698028564,0.4005860289080203,-1.0331048965454102,0.7736911773681641,0.4114931419457076,-0.7673575401306152,-0.3662018775939941,-0.0570034980773925,0.1844123601913451,0.4715948343276977,1.2389523744583129,-0.2702927157282829,0.4868821895040178,-1.25334233045578,1.0369881391525269,0.5568773820438362,-0.948317188024521,-0.624643862247467,-0.3349677920341491,0.0422072261571883,0.6165849447250366,1.5649021327495576,0.909397579269343,0.4675482640403063,0.1414061878380248,3.198176558094544,1.022548451853527,0.3382740560774816,0.6167594545233713,0.8225820018524981,1.206166604109161,1.6547638231847446,1.3164897671072628,-0.0059712031555827,0.050754186876848,-0.1246164161711931,0.0981965130195021,0.0511042341949789,-0.0005396990585722,0.048909485119383,-0.1267544403672218,0.1333212375640869,0.0489124627239006,0.0109778508348681,0.0518298396929116,-0.1252883657813072,0.1590081006288528,0.0529796705496129,0.0800232872229291,0.0375125413155965,0.0193449893963151,0.1916946643669207,0.0883793938309024,0.0213341652295332,0.5529550195718442,-1.403007599931387,1.2276352346824866,0.5533664249624654,-0.771547786678215,0.8761368432833193,1.6476846299615344,3,0.03,2.2887789788252006,104.56053363880449,0.7810917253917753,30.62144002757397,NORMAL,102.csv,216.05,217.05,NORMAL,ANOMALY,0.734683234160762,ANOMALY_RECORDING_SAFE_REGION
-0.131974217519164,1.0093415838534625,-3.1255011558532715,2.1217029690742493,1.0179330169444407,-1.913774672150612,-0.7724887616932392,-0.0150508545339107,0.4481846019625664,1.4834408253431317,3.397215497493744,0.0307860326766967,0.767660888903516,-2.599738359451294,2.702970027923584,0.7682779576169727,-0.98327214717865,-0.465645432472229,0.041572093963623,0.3956155776977538,1.4261961936950684,2.409468340873718,-0.0140711686015129,0.7918626739962448,-1.800842046737671,2.9693007469177246,0.7919876844082205,-1.3225292891263962,-0.577175959944725,-0.0647023618221282,0.4409249648451805,1.4114902913570404,2.7340195804834364,1.331275490577741,0.6938218125621367,0.1920666512944601,3.5977759731007497,1.5012272111176288,0.4407567853955606,0.8220570134125789,1.226545593697583,1.603003490266199,2.55811307667253,2.11735629127697,-0.0029651375665998,0.1127020366716479,-0.4225657135248184,0.256379947066307,0.1127410356113794,0.0319662485761509,0.0849557205566556,-0.2565326675772666,0.2520733475685119,0.0907706753491062,-0.0094619898478267,0.0897057680540373,-0.27855434268713,0.2489273957908153,0.0902034038938948,0.1456359453350746,0.0887506738817428,0.0291666167595104,0.4717859085753886,0.1705476786359295,-0.0048648623368068,0.7270521173853903,-2.213713123386892,1.6477238470330036,0.7270683931241513,-1.0842650510118417,1.1542304170348274,2.2384954680466693,5,0.05,2.266500482523009,225.36831394000131,2.9086510688104297,52.862844828013536,NORMAL,102.csv,201.55,202.55,NORMAL,ANOMALY,0.5881030171116907,ANOMALY_RECORDING_SAFE_REGION
0.1901541272799999,1.8906137966943088,-3.850690842,4.840979338,1.9001523939864635,-2.7306593721000003,-0.96664506225,-0.161555834,1.4137613025,3.40422927755,6.13488864965,-0.0738868260499999,1.4662331106123454,-4.736546278,3.268310547,1.4680935929700452,-2.27092373385,-0.82355260825,-0.039701462,0.9023908375,2.1947849749,4.465708708749999,-0.1430127389699999,1.8414613239334223,-5.121155739,4.867927313,1.8470063484055312,-3.1857406024,-1.188569777,-0.242274091,1.01634853375,2.7572572891,5.942997891499999,2.7661484961491647,1.2352055968114093,0.7184547420603051,7.065232634442905,3.029407593761942,1.1176199712666317,1.8311252192144891,2.5949461168311645,3.5314754250345106,4.92287477729796,3.805254806031329,-0.0018280108499999,0.2166597165706988,-0.682244349,0.624639773,0.2166674281200644,-0.0430635235099999,0.1267564501767865,-0.381179623,0.334814987,0.1338718219735448,-0.0015283807399999,0.1105390274991381,-0.360165876,0.326201789,0.1105495931613573,0.2393507450631762,0.1407084663853735,0.0357988401744865,0.7606619629568968,0.277646630944482,0.0092145369354619,1.5359892429160211,-3.1774928807153264,4.569548653299471,1.5360168820832236,-2.20733969290675,2.8239980502890893,5.03133774319584,2,0.02,4.299084138293741,917.731036914252,7.708765167482139,235.9347862044668,NORMAL,22.csv,10.09,11.09,NORMAL,ANOMALY,0.7613193103235482,ANOMALY_RECORDING_SAFE_REGION
-0.03538596661,1.15732587081991,-4.055848241,3.029977322,1.1578667185397409,-1.9350755719,-0.5484128072500001,-0.0954396425,0.63281488425,1.8863467530999996,3.821422325,-0.0736188983199999,1.2194912825301796,-3.556330442,2.573256493,1.2217113940521929,-2.50259869085,-0.5967707635,0.0695898534999999,0.68555593525,1.5427991148999995,4.04539780575,0.04504267012,1.5707315870564804,-3.049815118,5.467930317,1.5713772814663287,-2.57928354705,-0.83165046575,0.077507883,0.92480671425,2.7656732621999995,5.34495680925,1.9843189062154376,1.1683060846385327,0.2567701925118931,5.981154550097991,2.302707239092162,0.68795002120042,1.1167869536799857,1.7269201566177197,2.6618127855857443,4.166175029543442,3.4782250083430224,-0.0130450171899999,0.2236760221646931,-0.674394712,0.585910964,0.2240560987005434,-0.00527206785,0.120674233600088,-0.328920147,0.264199018,0.1207893428841452,0.0019856102899999,0.0552458942687141,-0.114873122,0.166124678,0.055281565478681,0.2175214050679344,0.143288836056186,0.022387402501065,0.7244354685510224,0.2604750510146124,0.0030056522252132,1.3455272941875205,-4.292469591832288,4.637076127488248,1.3455306512112195,-2.037735623982221,2.2098223343102674,4.2475579582924885,5,0.05,3.9968356438825534,530.2460628967448,6.784725220106496,181.0452733348889,NORMAL,83.csv,15.1,16.1,NORMAL,ANOMALY,0.6764032436272561,ANOMALY_RECORDING_SAFE_REGION
0.00852871553,0.1762912037615627,-0.400945365,0.398823887,0.1764973867010288,-0.29898013625,-0.09808974525,0.0169396159999999,0.12450405925,0.3103710905499999,0.6093512267999999,0.0025196313499999,0.1096338067946122,-0.221785545,0.223784447,0.1096627563688705,-0.15456202075,-0.08451986325,-0.001292944,0.09073400475,0.196669984,0.35123200475,-0.0109701746899999,0.1837098240154782,-0.432444334,0.411590278,0.1840370728210137,-0.3446370783499999,-0.116196394,-0.0109927355,0.12589959775,0.2612797377499999,0.6059168160999999,0.251776885713681,0.1168558583878352,0.0367184156894702,0.5641599426716918,0.2775732188436735,0.0696750892475434,0.167301043353387,0.2298904883976971,0.3161745636785278,0.4522552195203222,0.3825801302727787,0.0006557637999999,0.0153580431976123,-0.038637198,0.032223118,0.0153720368533619,-0.0126015317,0.0114752725815025,-0.038087419,0.009315688,0.0170434879647884,0.00341136625,0.0171845146919949,-0.036041023,0.036468627,0.0175198448877559,0.0271421504091333,0.0098503114207632,0.0068433891294745,0.0515513878431133,0.0288742959034161,0.0024642678774612,0.1643871683298536,-0.3932019547314732,0.3735223804089995,0.1644056377612383,-0.2790861620601121,0.2628619659683754,0.5419481280284876,2,0.02,0.3123830569580107,7.704689181923786,0.0833724963918035,2.702921372767951,NORMAL,15.csv,2.59,3.59,NORMAL,ANOMALY,0.8369444444444446,ANOMALY_RECORDING_SAFE_REGION
0.05387430464,0.9627469703203818,-3.788494349,3.281273603,0.9642531667365772,-1.78120669975,-0.21566052475,0.097312551,0.44963953825,1.302792966799999,3.0839996665499987,0.0320498419,0.710245117069164,-2.498738289,2.064572811,0.7109678745811273,-1.1571590189999998,-0.26287746425,0.045908451,0.472990155,1.0131623503,2.1703213693,0.00662689382,0.9917239301535292,-2.597976208,3.445002913,0.9917460710085336,-1.51167933645,-0.71287503875,-0.0674386025,0.5664017495,1.63793038765,3.1496097241000003,1.2926162733326807,0.8648484997525974,0.077870678030903,3.9602504190605856,1.5552555280753022,0.3005724044324269,0.6836034355580825,1.0632101612287488,1.674542334930342,3.018890697540845,2.718318293108418,0.0033634208099999,0.1179164039641022,-0.32482734,0.327881671,0.1179643629380097,-0.00837098633,0.0897565228823033,-0.266031615,0.440280788,0.090146030484201,-0.0028683121799999,0.0562217483452555,-0.211053777,0.209221184,0.0562948683430308,0.1305389667379576,0.0903913054456818,0.0122953136063155,0.5522108380281439,0.1587797529195336,0.0010894434012576,0.9237016746837426,-2.274589323994367,2.8662734502335017,0.9237023171457758,-1.5585421399714037,1.3764030442930388,2.9349451842644423,5,0.05,2.667634145727905,241.88197576087867,2.521100993718816,85.32259707004752,NORMAL,83.csv,17.1,18.1,NORMAL,ANOMALY,0.5841269712934831,ANOMALY_RECORDING_SAFE_REGION
0.1319194661267101,1.0738021789310015,-2.0565524101257324,2.7261146306991577,1.0818751614766475,-1.304449313879013,-0.6773759573698044,0.0233601871877908,0.7624700218439102,2.2430282205343244,3.5474775344133374,-0.1557199907302856,0.770441346337254,-2.0924386978149414,1.4519305229187012,0.7860207272451541,-1.3236346244812012,-0.6875776052474976,-0.1903314590454101,0.4014014005661011,1.053977799415588,2.3776124238967893,-0.6345321474969388,1.0746848658848998,-3.0933189392089844,1.979891061782837,1.2480298903348117,-2.459481137990951,-1.3172841519117355,-0.6496629416942596,0.1442179232835769,1.038948245346546,3.4984293833374966,1.6983070417195518,0.6794219954446795,0.1227497144365767,3.251814945558151,1.8291694989388612,0.5355687280777355,1.2409144887191192,1.605605700709978,2.271199534639873,2.7935741464795125,2.258005418401777,0.0110203061584034,0.1485901390288301,-0.448374755680561,0.3232085525989532,0.148998243494452,0.0457696543787897,0.0631164765990225,-0.0997847633436322,0.3193906515836716,0.0779650619202525,-0.0120431990576325,0.061254456256656,-0.1485928580164909,0.1807854294776916,0.062427133963048,0.1577542187658641,0.0853802141076787,0.0119451018081682,0.5215225652524755,0.1793771850027232,0.0006230084815201,0.7778474167655193,-2.661471124319755,2.4725879855661668,0.7778476662614342,-1.1955538070652174,1.131117590443672,2.326671397508889,1,0.01,1.575557327282975,334.5861055848245,3.2176174499501182,60.50469919083595,NORMAL,95.csv,235.59,236.59,NORMAL,ANOMALY,0.7734920634920637,ANOMALY_RECORDING_SAFE_REGION
-0.16106776805,0.4831929288472484,-1.925227106,0.868854105,0.5093311618118321,-1.1142872546,-0.34065871675,-0.0932975279999999,0.12823849525,0.4771678880499999,1.59145514265,-0.14977801127,0.4025853782469661,-1.450494766,0.533269882,0.4295444557182051,-0.9675177101,-0.3927268985,-0.0172672275,0.12237966075,0.3299341921499999,1.29745190225,-0.03671051526,0.2988140539424556,-0.778562367,0.664132804,0.3010606263930563,-0.5420810694999999,-0.235159904,-0.022620743,0.17777869875,0.4083752329999999,0.9504563024999998,0.5973201109202477,0.4216311868033982,0.1352208829826845,2.4130371304447618,0.7311389557361987,0.1957098340025925,0.3174185692080975,0.4590998339616334,0.8283077417899029,1.4415711434492169,1.2458613094466244,-0.0088502115399999,0.0345034648617421,-0.087292577,0.091935149,0.0356204341883731,-0.0245515737199999,0.0180142134813852,-0.073395403,0.018723006,0.0304514639957017,0.01224600583,0.0335981316885246,-0.039706211,0.113315417,0.0357603007782071,0.052767282196142,0.0262777478606955,0.0151038395487584,0.1436386704494556,0.058948334183398,0.0054644675824187,0.2807784804266436,-0.5928479241284303,0.8882533726928069,0.2808316497061084,-0.405110900334136,0.5028600226027969,0.9079709229369328,5,0.05,1.815717019524514,53.45641725950191,0.347490610299758,7.88664154766544,NORMAL,15.csv,26.09,27.09,NORMAL,ANOMALY,0.7229603174603175,ANOMALY_RECORDING_SAFE_REGION
-0.1044864745,1.0133571586920678,-2.649303317,2.207817316,1.0187296768161314,-1.9286913661,-0.75425682375,-0.1791635305,0.6354836335,1.39234131615,3.3210326822500003,0.05253457791,1.0631784272832914,-3.556330442,2.573256493,1.064475575162133,-1.7859374997,-0.64222133125,0.1328959465,0.7342505455,1.6645733831,3.4505108828,0.0828796756599999,1.507914856940869,-2.823009491,5.467930317,1.5101908013295893,-2.37853821785,-0.7857160867499999,0.0993261635,0.8788505645,2.779053664549999,5.157591882399998,1.8447047956566616,1.0240404668979026,0.4290293306193761,5.981154550097991,2.10988024801484,0.7592219621548602,1.1198121410689827,1.4825170266238028,2.4016851848955327,4.01124291891204,3.25202095675718,-0.00551458456,0.2090746204138798,-0.674394712,0.585910964,0.2091473345373478,0.00581849039,0.1129625895953643,-0.278707061,0.302988932,0.1131123400805996,0.0137362128199999,0.0557055302601346,-0.114873122,0.166124678,0.0573741199862717,0.2084501473215025,0.1279739612125433,0.0205607290480139,0.7244354685510224,0.2445992613782504,-0.0025491354740217,1.3167357684193577,-4.292469591832288,4.637076127488248,1.3167382359172917,-2.0240508169383267,1.992106266034238,4.016157082972565,6,0.06,4.13644975444133,445.1594660963161,5.982879866678567,173.37995819265814,NORMAL,83.csv,15.6,16.6,NORMAL,ANOMALY,0.5392243997049094,ANOMALY_RECORDING_SAFE_REGION
-0.1942594289034605,0.9597812886756232,-2.7139127254486084,1.8370649218559263,0.979242997324841,-1.726458203792572,-0.8549322485923767,-0.3103956133127212,0.5105821788311005,1.3840973794460296,3.1105555832386016,-0.0187080883979797,0.5780572175835696,-1.566272497177124,1.4434232711791992,0.5783598701258283,-1.0443440198898315,-0.3824000358581543,-0.0614051818847656,0.3280351161956786,0.9248123645782466,1.9691563844680784,-0.1974309936165809,0.6865154949042875,-1.69969242811203,1.619024932384491,0.7143406204214551,-1.18088351637125,-0.7100287899374962,-0.1800252199172973,0.2113114073872566,1.050242820382118,2.231126336753368,1.2298684299054563,0.5395582955415479,0.2030726420607061,2.9180207353660337,1.3430188044721536,0.4833726500270985,0.826772715042994,1.2046590213272663,1.568034270778605,2.140853708497763,1.6574810584706643,-0.0024257440291694,0.0897868049598314,-0.2477056682109832,0.1998138695955276,0.0898195667935993,0.034269514168729,0.0753076156701242,-0.1266628138720989,0.2226296693086624,0.0827383621984377,-0.0105279490782995,0.0737800658731481,-0.1739437505602836,0.1649945795536041,0.0745274166467706,0.1300564739754209,0.0596057091845381,0.0248608648294916,0.3204300556645337,0.1430647650202909,-0.0016011859739443,0.7682656958569211,-1.751529315119635,2.428670626380118,0.7682673644162183,-1.313289111759885,1.0705814561445992,2.3838705679044843,4,0.04,1.6881523054605774,180.3699509165813,2.046752699031108,59.02347432270424,NORMAL,102.csv,199.55,200.55,NORMAL,ANOMALY,0.5141930216678297,ANOMALY_RECORDING_SAFE_REGION
-0.1804898428544402,0.7793431365055982,-2.0565524101257324,2.3149876594543457,0.7999701918146725,-1.2845871895551682,-0.7124864459037781,-0.1887123249471187,0.1807742379605769,1.1583545461297031,2.4429417356848715,-0.2109175825119018,0.7461053884661702,-2.0924386978149414,1.4445390701293943,0.775344747393648,-1.3019243717193605,-0.7359253168106079,-0.2463073730468749,0.3187114000320434,0.9244473218917846,2.226371693611145,-0.6534853373467923,0.9361321352099068,-3.0933189392089844,1.1984066367149353,1.1416595204788114,-2.4193298399448397,-1.2212763875722883,-0.7018027752637863,0.0273765251040458,0.974558053910732,3.393887893855571,1.454748308375697,0.6543742087528216,0.1227497144365767,3.251814945558151,1.5951483460176463,0.5263507472259652,0.9541709528721024,1.3694466450628724,1.7989891524596051,2.649538711146669,2.123187963920704,-0.0314680880282539,0.1310569195003744,-0.448374755680561,0.261297408491373,0.134781885700867,0.0481453075604804,0.0623215480845724,-0.0997847633436322,0.3193906515836716,0.0787524348560152,-0.0216120904304552,0.0470137238237362,-0.1485928580164909,0.0836579322814941,0.0517433346485198,0.1402617257252163,0.0858610720056849,0.0082865104021766,0.5215225652524755,0.1644550862374929,-0.0030678995059353,0.7667174280451651,-2.661471124319755,2.4725879855661668,0.7667235658798883,-1.0871905484025346,1.1093785243500849,2.1965690727526197,4,0.04,1.797066637182454,254.44982458028332,2.704547538938123,58.786502647557136,NORMAL,95.csv,236.09,237.09,NORMAL,ANOMALY,0.7822222222222223,ANOMALY_RECORDING_SAFE_REGION
0.2533727438747883,0.7700775401763102,-1.622035562992096,2.322894334793091,0.8106893148565828,-0.872638612985611,-0.2191256433725356,0.2026261836290359,0.6656000204384327,1.761268079280853,2.633906692266464,0.0485414218902587,0.8750709745787439,-2.008836030960083,2.3768763542175293,0.8764162710660505,-1.2870158195495605,-0.4669348001480102,-0.0711736679077148,0.4272871017456054,1.757630968093871,3.044646787643432,0.2128509758412838,0.5579194444340391,-1.0628830194473269,1.7557134628295898,0.5971429011502805,-0.664042292535305,-0.1428289264440536,0.2073386013507843,0.5699372105300426,1.2571608185768126,1.9212031111121173,1.1405234068020171,0.6936199595908773,0.2072891658058333,3.333898378769095,1.3348791292870414,0.3506374007184742,0.6503210647600941,0.93572048495451,1.5120011568530232,2.411242083107318,2.060604682388844,-0.0089015213227394,0.0702852977696406,-0.1568395309150219,0.1864970177412033,0.0708467371473537,-0.0732808662031238,0.051936289740147,-0.2097404211759567,0.0797178551147226,0.089819060023208,-0.0187437748887168,0.0624346825717475,-0.2692081093788147,0.0850934647023677,0.0651875654163718,0.122515945483225,0.0482284718309017,0.0198166546861041,0.3053157436834754,0.1316667854578087,0.0173062616201791,0.4930319151056526,-1.3243316225293476,1.5751126385406755,0.4933355612602983,-0.7968634244765863,0.802809675759002,1.5996731002355884,4,0.04,2.193374971967078,178.19022898061297,1.7336142392792644,24.33799760040136,NORMAL,102.csv,195.55,196.55,NORMAL,ANOMALY,0.8435555555555557,ANOMALY_RECORDING_SAFE_REGION
-0.22073714926,1.3572446456331666,-3.432751417,2.956024885,1.375077422243319,-2.5426606833000003,-1.0403571945,-0.2686503715,0.61391482325,1.8657684799,4.4084291632,0.0704155207,0.8553359335152395,-1.781635284,2.173843861,0.8582295175055668,-1.3624727608,-0.45576381675,-0.0781087875,0.686153114,1.4738084794499997,2.83628124025,0.08376733527,1.413901448222449,-2.906550646,3.947149396,1.41638069449699,-2.4532926562,-0.8917027265,0.2727876455,1.14341313725,2.1286288141,4.581921470299999,1.9906197736478024,0.8191233181806739,0.5421642092040894,4.364561145353523,2.152563609658248,0.8605086992720883,1.3896620513042004,1.9473897012729449,2.491577980908059,3.405958087523468,2.545449388251379,0.00501519855,0.1855489447049699,-0.465326242,0.523969263,0.1856167101788626,0.00968098116,0.0802331346518186,-0.228035825,0.206411207,0.0808150808468142,-0.0014508036599999,0.0852415714904863,-0.191200679,0.206472294,0.0852539168685378,0.1967427340178339,0.0976993722728883,0.0404372744699173,0.5492340844783368,0.2196653607907459,-0.0005983310939662,1.1863042651757971,-2.918936945124647,2.595715698170953,1.1863044160646063,-2.0059079065335914,2.0373867089852364,4.043294615518828,4,0.04,2.3739413717057207,463.3530093624946,4.825287073132857,140.73181675743865,NORMAL,22.csv,3.59,4.59,NORMAL,ANOMALY,0.5765552936574239,ANOMALY_RECORDING_SAFE_REGION
-0.06977436105,0.6698261153947029,-1.751671851,1.529124856,0.6734504334579448,-1.04524118585,-0.5467232115,-0.131026473,0.340092845,1.133087241999999,2.1783284278499995,-0.01616033079,0.4600790415257371,-0.90072298,1.191552162,0.4603627708041596,-0.7126028533500001,-0.35397422325,-0.08160305,0.2315084935,0.8165540928999999,1.52915694625,-0.25551562037,0.6754614152484616,-1.620937705,1.796446681,0.7221747404489586,-1.3027492844000002,-0.825726375,-0.2653134164999999,0.2435594255,0.7547867645499997,2.05753604895,0.9989272840735564,0.4349137890928798,0.1479788803739436,2.443150449775696,1.0894979223521712,0.42103807548738,0.6847292493050393,0.9597226674206486,1.275238170586417,1.763036767878353,1.341998692390973,0.00250546192,0.0753597523482788,-0.157144967,0.156381384,0.0754013899966472,0.0008857539699999,0.0505325060614752,-0.127579107,0.121256656,0.05054026839015,-0.0027455287899999,0.0385615152463597,-0.108611758,0.077335481,0.0386591306993826,0.0914334159365711,0.0370694912155106,0.0226627952443589,0.1669576912324917,0.0986621342198051,-0.0062095006891679,0.6547759110988554,-1.5861248648776425,1.6663137826986925,0.6548053540206775,-1.0123559707076133,1.1099656383883283,2.1223216090959416,3,0.03,1.4442231657021396,118.70057228096977,0.9734216728806844,42.87700516541449,NORMAL,37 - Normal Road.csv,7.59,8.59,NORMAL,ANOMALY,0.6500180516104336,ORIGINAL_NORMAL
0.4726804616302252,0.5162912237468117,-0.9290508031845092,1.922121524810791,0.6999881759893828,-0.3407649166882037,0.1595722893252968,0.4566456638276577,0.8010259419679642,1.211091351509094,1.5518562681972976,0.000994369983673,0.5074967806084569,-1.3553037643432615,1.220083236694336,0.5074977547729771,-0.8682774066925049,-0.3276910781860351,-0.019944429397583,0.3210165500640868,0.7674185514450067,1.6356959581375117,0.2299837026000022,0.5312947361635119,-0.9749675989151,2.0963692665100098,0.5789357478482927,-0.6065558016300201,-0.1751973032951354,0.2888154238462447,0.5316192060709,1.082063460350036,1.6886192619800562,0.9700843029083158,0.3763515152249355,0.1967982791606921,2.207865572394113,1.0405306423941671,0.4520496011031806,0.7080092441650568,0.9006498221027175,1.198796294388652,1.551820822644885,1.0997712215417044,-0.0023014328602002,0.0722515883302223,-0.1673158645629882,0.2338084951043129,0.0722882328560459,-0.0796537130181968,0.0392053470857196,-0.1751654762774706,0.0210442905314266,0.088779351415163,0.0166344587701896,0.0367926490335178,-0.0892168022692203,0.1073594857007265,0.0403782644684088,0.1131890215067016,0.0438863475238384,0.0342210379881385,0.2781553921605932,0.1213992013508643,0.0062594135653442,0.4838455436440086,-1.0591973152758365,1.6972076220972416,0.4838860303442828,-0.7335866760705956,0.7852007284251863,1.518787404495782,3,0.03,1.2377812694857973,108.2704017761218,1.473776608862769,23.414569036234823,NORMAL,95.csv,188.09,189.09,NORMAL,ANOMALY,0.6647370824895801,ANOMALY_RECORDING_SAFE_REGION
-0.3136953130736947,1.1033264230242807,-3.42124617099762,2.136337459087372,1.1470544647870726,-2.1947580218315124,-0.8256174772977829,-0.278622318059206,0.3752755932509899,1.2720858380198476,3.46684385985136,0.0008036947250366,0.6383324548537996,-1.8298554420471191,1.5918779373168943,0.638332960800936,-1.1315321445465087,-0.3719707727432251,-0.0132827758789062,0.4673712253570556,1.03824725151062,2.169779396057129,0.0524600240588188,0.8636526673420591,-1.8932353258132928,1.8688779473304749,0.865244464837138,-1.488996754586697,-0.4514092430472373,0.0120616853237151,0.5136610418558121,1.5940908193588257,3.083087573945522,1.404180613988206,0.7071970738513111,0.2244211054692308,3.672741092515319,1.572212103363968,0.5323185874022202,0.8609029258100593,1.244054478147523,1.9193307813150011,2.681234263556685,2.1489156761544645,-0.0020192137164995,0.1193157232958842,-0.2808450907468796,0.3515526831150055,0.1193328079350055,0.2123329323362558,0.0757082426289339,0.001374446041882,0.3992917656898498,0.2254262898520812,-0.0268664437890984,0.0849072617493285,-0.2121227942407131,0.1866191923618316,0.0890564365986073,0.2594826095273681,0.0752140642342682,0.0778085926700001,0.4505566125822289,0.2701636172873194,-0.0043542556922249,0.7069511393732255,-2.131000131396604,2.545476633589025,0.7069645486187657,-1.1289676407000753,1.0132898721101826,2.142257512810258,5,0.05,2.268560478527113,247.18508979641524,7.298838010576923,49.97988730037351,NORMAL,102.csv,190.05,191.05,NORMAL,ANOMALY,0.8601060606060607,ANOMALY_RECORDING_SAFE_REGION
0.4166680811499999,1.6350985932636752,-2.609914064,4.817993402,1.68735286752418,-2.2492682455,-0.8307804685,0.4962699339999999,1.4892553835,3.103650653499999,5.352918898999999,-0.00561125277,0.7364619560619906,-1.438770294,2.352710724,0.7364833323872999,-1.1346072193,-0.558206558,-0.0482660535,0.4869624375,1.2003392461499998,2.33494646545,-0.08833194385,1.217739922253571,-2.895575404,2.431398392,1.2209394131382818,-2.06902526315,-0.99750645475,-0.046377167,0.84012845125,1.7904581601999996,3.85948342335,2.044451165477829,0.8369467611247278,0.6782105545549527,5.032447494703237,2.2091311525078874,0.8990495739920049,1.4078274399251869,1.9468686142952845,2.630397727114808,3.7364123933094926,2.837362819317488,-0.0008292491599999,0.1644284011894717,-0.39797841,0.344375011,0.1644304922205587,-0.04148169212,0.0912488488062808,-0.254669529,0.146790807,0.1002351394951389,-2.2292290000001544e-05,0.096780711936157,-0.228219083,0.227852564,0.0967807145035393,0.198366226433646,0.0842722781927499,0.0372661936235151,0.4102178077003853,0.2155248864083235,0.0052942147916635,1.1414177984509903,-2.225508504189043,3.352754434797641,1.1414300764089609,-1.7565467988486512,1.838864172232718,3.5954109710813693,6,0.06,2.987996329225408,488.02604489808266,4.645097666132078,130.2862619330966,NORMAL,22.csv,8.09,9.09,NORMAL,ANOMALY,0.6632086150691762,ANOMALY_RECORDING_SAFE_REGION
-0.0962185399234294,1.5241700813609895,-3.928903818130493,2.846495747566223,1.5272041266120786,-2.6352763712406166,-1.100066602230072,-0.1619845665991306,1.131504863500595,2.269897198677063,4.90517356991768,-0.2757423520088196,1.4328238304491367,-3.7233519554138175,2.588509559631348,1.459115476511127,-2.6545337557792665,-1.5218536853790283,-0.0375020503997802,0.645838737487793,1.9795567750930785,4.634090530872345,-0.3549938312172889,1.2893177215387197,-4.044360160827637,2.605901598930359,1.337296080632903,-2.3183107554912565,-1.3289552479982376,-0.3549111187458038,0.5020867213606834,1.7089158624410614,4.0272266179323175,2.317684979508923,0.9370525925315502,0.4120428730104986,4.880527010212727,2.4999462445043448,0.8094330318553128,1.6724618777260505,2.418685655384161,2.9525571610164567,3.977684031724061,3.1682509998687483,-0.0191805432507971,0.1896143003028932,-0.5532907843589783,0.5969676077365875,0.1905819406941578,-0.0171106277422804,0.0831468767124961,-0.2420551627874374,0.1884212404489517,0.084889202427505,0.074980902835181,0.1225184608540392,-0.1486539453268051,0.3466352224349975,0.1436415992671398,0.2181982780440533,0.1286470882148561,0.0403971147173967,0.620678655812996,0.2532993522446337,-0.0004321821167384,0.9381322812403724,-2.277659259427579,2.079886006974962,0.9381323807899647,-1.5033941791556664,1.6255949599807338,3.1289891391364,3,0.03,2.562842030703804,624.9731225411379,6.4160561847551,88.00923638866475,NORMAL,95.csv,158.09,159.09,NORMAL,ANOMALY,0.8596725146198833,ANOMALY_RECORDING_SAFE_REGION
-0.0628565409699999,0.4313487845706011,-1.254669249,0.574028194,0.435904483451648,-0.87687965785,-0.38771927325,0.0153036265,0.28413127725,0.5066621269499999,1.3835417847999998,-0.00113138223,0.2820879313361223,-0.669659138,0.75947094,0.282090200168746,-0.49693493795,-0.13831317425,-0.0136728285,0.1434859037499999,0.50630307205,1.00323801,-0.15208731573,0.4505271037595431,-0.96147871,1.309495449,0.4755052290226877,-0.75881112355,-0.4638874604999999,-0.21538198,0.0586125925,0.7149321573499998,1.4737432809,0.6354104667292428,0.3032265841303095,0.1251278390419166,1.6398312148562184,0.7040545593577319,0.2265718134488901,0.3961375348053443,0.6036276627516767,0.7797034406593493,1.132341027108607,0.9057692136597169,0.00538630165,0.0304901918935207,-0.056504992,0.085215636,0.0309623004179035,0.0445262392899999,0.0224231232786185,-0.009162972,0.091782433,0.0498536101288408,0.00344527412,0.0239769585999054,-0.059437143,0.066278829,0.0242232214509862,0.0606154631024593,0.0188832354321203,0.0190375303463804,0.1028474305634552,0.063488667866876,-0.0065031123725984,0.2615595841774574,-0.8027655133023476,0.5739200350808495,0.2616404145876839,-0.4042099814405332,0.3660472827453024,0.7702572641858356,4,0.04,1.0044207481269756,49.569282255241,0.4030810947510496,6.84557065456151,NORMAL,57.csv,12.03,13.03,NORMAL,ANOMALY,0.6826766291854657,ANOMALY_RECORDING_SAFE_REGION
-0.1169361168146133,1.5785270341541044,-4.491595268249512,2.9894206523895264,1.5828523787678477,-2.543546676635742,-1.4083842039108276,0.0442232489585876,1.0836437493562698,2.097579556703567,4.641126233339309,-0.118492202758789,1.7891209941205146,-4.203118562698364,3.84195327758789,1.7930405276282542,-3.1644541025161743,-1.1789846420288086,-0.3040118217468261,1.2930912971496582,2.628686761856079,5.793140864372253,0.2017416943609714,1.620778430122006,-3.883263230323792,3.6418685913085938,1.6332857774414098,-2.30184742808342,-0.8844707980751991,0.2167790234088897,1.3824866265058515,3.2220184862613674,5.523865914344787,2.7062068386610405,1.031737836790455,0.3222812447323595,6.487058383246849,2.896211045051937,1.2040313051511078,2.054759250057609,2.6195058720035087,3.324374019522739,4.536171844955013,3.332140539803905,0.003601964147354,0.2187215801886746,-0.4271777391433716,0.6484329551458359,0.218751237221529,0.0671990963987263,0.0888646927701336,-0.1140789957717061,0.3123046159744262,0.11141208272865,0.0011279619912675,0.121578897223091,-0.2671617060899734,0.2706436395645141,0.1215841295080763,0.2485423945938191,0.1152134306480464,0.0369134979467305,0.6608346421831233,0.2739479083915807,0.008817862943678,1.0929639991195916,-4.413667529471976,1.998820349950973,1.0929995691117105,-1.8231538298147625,1.7343593484745807,3.5575131782893434,1,0.01,3.780851544585808,838.8038417480833,7.504745651212191,119.46480580783845,NORMAL,95.csv,151.59,152.59,NORMAL,ANOMALY,0.8055285517746325,ANOMALY_RECORDING_SAFE_REGION
-0.01061523026,0.2531251106505942,-0.451336801,0.507923484,0.2533475967033206,-0.3947968198,-0.2236266959999999,-0.0050521724999999,0.193085156,0.3890014675,0.7837982873,-0.00864418326,0.118775483711337,-0.326219559,0.247583389,0.1190896193423027,-0.18394107775,-0.09496080875,-0.003947973,0.0670554635,0.2016523357,0.38559341345,-0.04501201714,0.1986404802960747,-0.555222273,0.346031576,0.2036765133717359,-0.3882775933,-0.18410591775,-0.0402342824999999,0.1001325845,0.2660375806999999,0.6543151739999999,0.3182882911523234,0.1361764590707355,0.0488533647488548,0.6842765962045322,0.3461957022981508,0.1333678829437523,0.2197538711857247,0.3051083248475041,0.4174606554368297,0.5327632915904444,0.3993954086466921,0.0004379875899999,0.0186810597834154,-0.040744682,0.044043352,0.0186861935064511,0.0065866608099999,0.0111709953248277,-0.022907429,0.033628106,0.0129682395556726,-0.00183320658,0.0104828664028033,-0.031826055,0.031612252,0.0106419516247716,0.0234800453972364,0.008904362271468,0.0059220022625894,0.0449432224973724,0.025111754206304,0.0013862719750146,0.1999398366327039,-0.4895981068920506,0.4325458557697803,0.1999446423955917,-0.2985849321395266,0.2924330718009895,0.5910180039405161,3,0.03,0.3659883050522088,11.985146428970989,0.0630600199317828,3.997786002270107,NORMAL,15.csv,1.09,2.09,NORMAL,ANOMALY,0.8858333333333334,ANOMALY_RECORDING_SAFE_REGION
0.2683004284399999,0.7148937604074046,-1.440006793,2.285450101,0.7635824831480401,-0.7784251165,-0.27001540875,0.2759404555,0.72044175125,1.4152073023499998,2.19363241885,-0.0276985161499999,0.4197719746668746,-0.980119228,1.202318192,0.4206848208726327,-0.6088450191,-0.35913801175,-0.077082872,0.29903900625,0.73045015365,1.33929517275,0.37167749285,0.7220384472277112,-1.178417146,1.953841984,0.8120860040453018,-0.8484042769500001,-0.10994175475,0.384045286,0.79832394425,1.81530818675,2.6637124637,1.0803506506726872,0.5023545328157533,0.2037047921974532,2.521148994989131,1.1914351031631694,0.3961116192308216,0.6474275193349246,0.9777397037237192,1.454010190384463,2.068313988346587,1.6722023691157657,-0.0099622936799999,0.0855895892254524,-0.237320969,0.227394413,0.0861674246983641,-0.0649886819499999,0.064579487318934,-0.231365032,0.0833525,0.0916189880099896,-0.00882424717,0.0360676663721416,-0.104152445,0.106901335,0.0371314407968418,0.1200102003459639,0.0528692703911623,0.019617939416387,0.2624499204486168,0.1311396505210085,0.0079888361533737,0.600609206409121,-1.4494296921283858,1.544075038687013,0.6006623346993547,-0.9897399617225602,0.9482941171703876,1.938034078892948,4,0.04,1.4407983443164436,141.95176050494322,1.7197607938772246,36.07952403264796,NORMAL,48.csv,11.18,12.18,NORMAL,ANOMALY,0.7277863665437897,ANOMALY_RECORDING_SAFE_REGION
0.0049858529599999,0.3239849604614747,-0.754428953,0.885593683,0.3240233222083899,-0.5457910436,-0.25362631325,0.042105513,0.24489497,0.4692323508999999,1.0150233944999998,0.02266335965,0.2143289757378965,-0.493452549,0.474719048,0.2155238680784127,-0.3512362238,-0.10502099975,0.057005405,0.15541648875,0.38056044585,0.73179666965,-0.1748253565999999,0.4121692572885282,-1.891876936,0.73227191,0.4477135266708993,-0.7164417592,-0.39432725325,-0.1949072625,0.081976123,0.5011591794999998,1.2176009386999995,0.5397103215708049,0.2461743727532895,0.0573695750527326,1.9082385238540684,0.5932023710425788,0.2125516675764151,0.3987217459449645,0.534480053846634,0.6393217336403506,0.8672575942504644,0.6547059266740493,0.00345321584138,0.0416465731110886,-0.105862868,0.120645796,0.041789493315239,-0.0051352347999999,0.0421243103286031,-0.142667469,0.098990639,0.0424361656740049,-0.0061226991599999,0.0248515828460268,-0.060933761,0.050151999,0.0255946989620272,0.0569274342970484,0.031008801137226,0.0116622786699017,0.1685435882144536,0.0648249837918437,-0.0022405251568278,0.3368795804217241,-1.567346392554923,1.0676051851486106,0.3368870310031172,-0.5071816648450967,0.432877060660339,0.9400587255054358,2,0.02,1.3685282022832634,35.18890530105372,0.4202278523612802,11.349287165809528,NORMAL,15.csv,29.59,30.59,NORMAL,ANOMALY,0.5916564779064779,ANOMALY_RECORDING_SAFE_REGION
0.0771698063999999,0.6399440420808099,-1.576760471,1.965097725,0.644580139326786,-1.0263110932,-0.2921676745,0.075314468,0.5513213485,1.00715460735,2.03346570055,0.1249443626099999,0.4099249786489093,-1.419489861,1.130709648,0.4285435588925912,-0.51513624225,-0.11659312275,0.122116327,0.43252873425,0.7218430999499998,1.2369793421999995,1.33031384555,0.5364024379678912,-0.247377932,2.502565384,1.434385758127822,0.47162589825,0.933538459,1.345125854,1.67210534175,2.30565882025,1.834032922,1.5475725211565998,0.5114830718252547,0.47095026524988,2.842009312765223,1.62990663567052,0.6597946258103357,1.2340721229947773,1.5805078954483665,1.8566499971813668,2.432289233997262,1.7724946081869262,-0.0066718650364299,0.0709538049907255,-0.188207439,0.151922068,0.0712667960955608,-0.03143326896,0.0474023429442511,-0.146912977,0.118965914,0.0568773462295498,-0.00297278291,0.0388099307202766,-0.09694424,0.081916968,0.0389236195740151,0.0904108032896763,0.0406807515798374,0.0087782599272344,0.2213463076610434,0.0991414993864072,0.005465814891761,0.5803692017192642,-1.4234453132852063,1.546082836381684,0.580394939189417,-0.8241044103534347,1.0267279569604142,1.850832367313849,2,0.02,1.2944367916086232,265.65956410027934,0.9829036900584992,33.6858285436687,NORMAL,57.csv,8.030000000000001,9.03,NORMAL,ANOMALY,0.6578833067517277,ANOMALY_RECORDING_SAFE_REGION
-0.137989889010787,0.8657249389873054,-2.829433798789978,1.4560974836349487,0.8766532264548981,-1.7479020178318023,-0.5710926577448845,0.0390367209911346,0.4954302534461021,1.1232284262776373,2.87113044410944,-0.2822743248939514,0.8923147119034541,-2.3943917751312256,1.9621047973632808,0.9358976116935442,-2.0305011868476868,-0.7792403697967529,-0.2847609519958496,0.2103402614593505,1.225723624229431,3.256224811077118,0.676002649962902,1.5317063624406697,-2.1226145029068,4.227082848548889,1.6742472826611046,-1.6422833859920505,-0.7205677703022957,0.7598662078380585,1.767351716756821,3.026111322641372,4.668394708633422,1.9244006524247803,0.8626768291038276,0.3351951724691297,4.448101032502243,2.1089165897506605,0.6684832292265788,1.3568749231368336,1.807897487959886,2.4522575688205097,3.472947972793178,2.8044647435665992,-0.0263301045926637,0.1462661422701349,-0.4265668749809265,0.3257741928100586,0.1486171550745336,0.0391188642301421,0.0513364615797864,-0.1157894197851419,0.1773035041987896,0.0645423723315868,0.0101333302798811,0.0614264295697899,-0.1939801096916198,0.1656970709562301,0.0622566513093462,0.152112037849686,0.0836097792253177,0.0287617754583897,0.4282970329204655,0.1735761136818389,0.0026911848494659,0.7034206043479463,-1.941044952375412,1.677243580714998,0.7034257523698746,-1.2121176028147618,1.1829167578097108,2.3950343606244724,4,0.04,2.5237003800774627,444.7529182525557,3.0128667240890685,49.480778909712406,NORMAL,95.csv,154.59,155.59,NORMAL,ANOMALY,0.7654758454106282,ANOMALY_RECORDING_SAFE_REGION
0.487357095554471,0.7521008381431308,-1.133747935295105,2.5953880548477173,0.8961989786441902,-0.6849322333931923,-0.0487295407801866,0.4609392285346985,0.9858517497777938,1.771675723791122,2.4566079571843145,0.0937674236297607,0.7574521903769719,-1.8463249206542969,1.7119669914245603,0.7632340076549495,-1.1449136018753052,-0.4126992225646972,0.087799310684204,0.6486766338348389,1.3120596408843992,2.4569732427597044,-0.9420274528115988,0.9902571155195324,-3.1060653924942017,2.0546966791152954,1.3667570657171573,-2.2452400773763657,-1.646924838423729,-1.0519664883613586,-0.3048577103763819,0.9243361249566076,3.169576202332973,1.6733889075619834,0.6734190378213348,0.2536249174358936,3.8200308198306567,1.8038080930220095,0.6977348506293555,1.218202775039558,1.677838082387063,2.058562847804979,2.6702274280256617,1.9724925773963065,0.0169182054795091,0.141919758688823,-0.4462367177009582,0.2849684208631515,0.1429246080384363,0.0243169997700315,0.0537222323246937,-0.0959973990917205,0.166063591837883,0.0589694388964663,0.0183995526233047,0.067513611340803,-0.0994182433933019,0.2487135946750641,0.069975933384377,0.1484395711804413,0.0822627696317489,0.0281081118418537,0.4682043491264078,0.1697099571613861,0.0062026385867129,0.6666412306735541,-1.6887095839185082,1.6291924886363902,0.6666700856941071,-1.139403637084092,1.000667217852276,2.140070854936368,3,0.03,2.1466419122686733,325.3723636451699,2.8801469559719504,44.44490031593882,NORMAL,95.csv,99.09,100.09,NORMAL,ANOMALY,0.7925580808080807,ANOMALY_RECORDING_SAFE_REGION
0.0281077532470226,0.5496421651563423,-1.427588164806366,1.0507121086120603,0.5503603869378204,-0.8708135768771171,-0.3307850211858749,0.0783201009035109,0.4210979007184505,0.9029024079442024,1.773715984821319,-0.0212582063674926,0.4517188721240301,-0.9702272415161132,0.9859342575073242,0.4522188085108455,-0.6972167491912842,-0.3615621328353882,-0.0254018306732177,0.266183853149414,0.8298759698867798,1.527092719078064,-0.8862788391113281,0.5850317418844634,-2.7327736616134644,0.3345806747674942,1.061956835125088,-1.827536767721176,-1.2068473994731903,-0.9095147848129272,-0.4296330288052559,-0.0230829559266568,1.804453811794519,1.1769375087077956,0.4999688255750525,0.2355731487061935,2.9265790469196795,1.2787301224066825,0.4447068078948632,0.848630764089845,1.0851883111388376,1.4280042842619585,2.053357649250619,1.608650841355756,0.0042161887045513,0.0755954889542151,-0.1826485693454742,0.2241873741149902,0.0757129724513524,-0.0432037169546237,0.0443358009402075,-0.1581834346055984,0.0867733407765627,0.0619049626742876,0.0081892531494377,0.0486109678605619,-0.1412930250167846,0.1351843759417534,0.0492959436818706,0.0997784050729404,0.0451557144302974,0.0289780654813322,0.2855830416985532,0.1095206312281406,-0.012368863851864,0.5232429817181752,-1.3877198841535163,1.2433522593016495,0.5233891541771883,-0.9047595427258532,0.7552054541018884,1.6599649968277417,4,0.04,1.749641538211884,163.5150725950209,1.1994768664610365,27.39362067103126,NORMAL,102.csv,214.05,215.05,NORMAL,ANOMALY,0.5002222222222223,ANOMALY_RECORDING_SAFE_REGION
-0.001781258881092,1.060307064869666,-2.461310386657715,3.155635952949524,1.060308561078202,-1.7376533567905423,-0.624562218785286,-0.0826542526483535,0.51041529327631,1.9849930197000496,3.722646376490592,-0.1918270087242126,0.820281210288793,-2.3830108642578125,2.0265979766845703,0.8424125267521407,-1.5688994765281676,-0.7266939878463745,-0.0810248851776122,0.4321553707122802,0.8804207324981683,2.449320209026336,0.2091719844937324,0.9411146857009298,-2.277396619319916,2.9278059005737305,0.9640797533083072,-1.4467048913240432,-0.4082927405834197,0.2027177363634109,0.8263176530599594,1.8012060225009916,3.247910913825035,1.4893748802875078,0.7383260435825306,0.3630859797212932,3.3390681073872064,1.6623365726180903,0.5243774033091642,0.8956510037274705,1.3982757340023153,2.027245993483234,2.7416725799131365,2.2172951766039724,0.0305377410134533,0.1227179738021285,-0.3838063418865204,0.3317606627941131,0.1264604867945108,-0.061342735652026,0.0594277297205296,-0.2285550564527511,0.0784961236640811,0.0854083501597511,-0.0120716042559361,0.0765718867136928,-0.1970344305038452,0.1834121495485305,0.0775175945460548,0.1566380360671765,0.0689952470720974,0.0397162408381351,0.416258938302017,0.1711602128460988,-0.0122581554429563,0.7364358553657862,-1.5832563438880412,1.9720466818274032,0.7365378683022351,-1.2241674732955143,1.108484611530863,2.332652084826377,4,0.04,1.8496932270996984,276.336288066366,2.9295818461521863,54.248803144320064,NORMAL,95.csv,160.09,161.09,NORMAL,ANOMALY,0.7074633430690701,ANOMALY_RECORDING_SAFE_REGION
-0.3024135327339172,1.432497084405718,-3.0294259786605835,2.776517152786255,1.4640702994089767,-2.5214584946632383,-1.4013891220092771,-0.4322796836495399,0.695384569466114,2.4697333574295044,4.991191852092743,-0.0259425210952758,1.516910077157681,-3.234993696212769,3.876388072967529,1.51713189821561,-2.496485471725464,-1.1475652456283567,0.1291999816894531,0.8274377584457397,2.466053462028502,4.962538933753966,0.0794528678059578,1.6491657901183354,-3.280179500579834,3.358153343200684,1.6510786054877054,-2.641114133596421,-1.197888299822807,0.1032008081674575,1.432980850338936,2.5859532058238988,5.227067339420319,2.498144845924131,0.9646366821123452,0.4961050553216497,5.177388036173166,2.677919266836477,0.9210986516381522,1.7343499764183097,2.6165628949193698,3.146550308468208,3.916084554335305,2.994985902697153,-0.0036303698236588,0.3011358075617555,-0.7427505016326904,0.6572905033826828,0.3011576898917363,0.0003255911412197,0.1416088054880686,-0.4014908745884895,0.371436333656311,0.1416091797919503,-0.0050420780904823,0.1261021111658846,-0.2736674211919307,0.2634659826755524,0.1262028723601949,0.3202820646703033,0.1552278261935256,0.0367234015615393,0.7578809360156998,0.355916112271192,0.0204593873861268,1.2376818583767266,-4.088681116736956,2.7648351571046077,1.237850947847552,-2.298439643518178,1.73362945481874,4.032069098336918,3,0.03,2.6792431902490352,717.1251599694016,12.667627897423978,153.22749690870825,NORMAL,91.csv,70.09,71.09,NORMAL,ANOMALY,0.705094429547412,ANOMALY_RECORDING_SAFE_REGION
0.1276425453461706,0.6281645934175148,-1.347115933895111,1.823228359222412,0.6410018532000051,-0.9465865790843964,-0.2646118225529789,0.1471702065318822,0.535527165979147,1.1334022969007491,2.079988875985145,-0.1752754473686218,0.6559518854864951,-2.2286412715911865,1.3521599769592283,0.6789656534196398,-1.2140665531158448,-0.5860738754272461,-0.1702759265899658,0.3241217136383056,0.8928923368453979,2.1069588899612426,0.1981052726507187,0.5301470554605746,-0.92111074924469,2.199440598487854,0.5659519409504071,-0.621092039346695,-0.147374004125595,0.1725090742111205,0.5267933309078217,1.0098560780286787,1.6309481173753737,0.9836068449356584,0.4740220547513089,0.1033883948224841,2.443461467219383,1.0918696505512608,0.31778670835063,0.6528881797593837,0.8974986977693153,1.194962290585341,1.842304782657783,1.524518074307153,-0.0256505173581244,0.0879499202494165,-0.2699411392211914,0.1704312711954116,0.0916140683116855,-0.0038206536924335,0.0419428868739372,-0.1261741206049919,0.1064431890845298,0.0421165425214059,-0.0542829717090353,0.114985660676417,-0.4921432018280029,0.0957530543208122,0.1271548000617988,0.1318950485634707,0.094546179244702,0.0208058651731318,0.4993737917171451,0.1622814956960023,-0.0162450449091093,0.4771276954297781,-2.130853311929694,1.091910490016341,0.4774041675878313,-0.6515414741561154,0.7074590731210229,1.3590005472771385,3,0.03,1.4598546222837243,119.21793337949325,2.633528384533162,22.791473923023013,NORMAL,95.csv,14.09,15.09,NORMAL,ANOMALY,0.6624780610336164,ANOMALY_RECORDING_SAFE_REGION
-0.2960287919640541,1.1050783398502155,-3.179617404937744,2.337321162223816,1.1440416001517626,-2.058942127227783,-1.0310786217451096,-0.3428406864404678,0.4026115015149116,1.5989240527153017,3.6578661799430847,-0.0460999655723571,1.2133103486391588,-3.3748772144317627,2.5764307975769043,1.2141858214213546,-2.2496742486953734,-0.6494286060333252,0.1250195503234863,0.7332274913787842,1.7226443529129023,3.972318601608276,0.1150267684459686,1.2619173793035303,-3.121002674102783,2.573693037033081,1.2671490163541983,-2.2047047674655915,-0.6283566132187843,0.0785710513591766,0.9651141613721848,2.158436331152916,4.363141098618508,1.92246327946277,0.8323941137364672,0.2490697855182191,4.495251081635889,2.094933178281796,0.7378866773305817,1.3068960537918692,1.875990436865288,2.490438639483192,3.394682472868131,2.6567957955375494,-0.0081275558784836,0.2294844846645607,-0.5934551239013672,0.528092585504055,0.2296283646815369,0.0305762261252384,0.1085653092422714,-0.2209803327918052,0.4724733650684357,0.1127888823197204,0.0038035493659772,0.0673011567280333,-0.194163367152214,0.1354592647403478,0.0674085505311509,0.225864572704361,0.1377665609755712,0.0219587623426131,0.7597773436941808,0.2645646055804884,0.0021545236033386,1.1805706309945605,-3.0441076294079634,2.2615113205689004,1.1805725969794711,-2.0640638146568926,1.9501190259512229,4.014182840608116,2,0.02,2.572787802173119,438.8745021465867,6.999443052595938,139.37516567388525,NORMAL,95.csv,20.09,21.09,NORMAL,ANOMALY,0.6454603174603175,ANOMALY_RECORDING_SAFE_REGION
0.6334345923736692,0.5207854499498022,-0.9290508031845092,1.922121524810791,0.8200346746906586,-0.1861186940222978,0.3130641095340252,0.5805306136608124,0.9648393616080284,1.4833696037530897,1.6694882977753875,-0.0342680716514587,0.5333448659644873,-1.3553037643432615,1.220083236694336,0.5344446152646563,-0.9194451570510864,-0.4060498476028442,-0.0283653736114501,0.3210165500640868,0.7004899024963377,1.6199350595474242,0.1125082400441169,0.5708722369513048,-1.0758313536643982,1.5597792863845823,0.5818532589919999,-0.7700428456068039,-0.3172667622566222,0.1058892011642456,0.4708144590258598,1.1575266778469089,1.9275695234537125,1.0696617604062295,0.3904674734272478,0.1967982791606921,2.207865572394113,1.1387015102650968,0.5114837817616804,0.7715532734827231,0.9905486263669752,1.3176517439124102,1.7644953306624045,1.253011548900724,-0.001262046613032,0.0713764158145122,-0.1696676947176456,0.1729358166456222,0.0713875724211128,-0.0960410769198787,0.0473233375743103,-0.2394589968025684,0.0323758348822593,0.1070672066279036,-0.0025100433643456,0.039681737283664,-0.116980604827404,0.0818253364413976,0.0397610436424979,0.126932678112461,0.0450400716031937,0.0342210379881385,0.255604762706244,0.1346867210337472,0.0026733828690607,0.4963647430305631,-1.0333831659919896,1.159914866192573,0.4963719422970656,-0.7387812866593563,0.823259924771826,1.562041211431182,5,0.05,1.1382038119878837,129.66411294800122,1.8140512822822457,24.63851050997615,NORMAL,95.csv,188.59,189.59,NORMAL,ANOMALY,0.7644482882725251,ANOMALY_RECORDING_SAFE_REGION
-0.31475696922,0.8186985689963838,-2.413451195,1.829533815,0.8771198872157026,-1.678616786,-0.8522770184999999,-0.346049711,0.284072012,0.9589746801499992,2.637591466149999,-0.09037994652,0.4602139034917973,-1.210975647,1.241321564,0.4690046606379466,-0.80442178285,-0.435213804,-0.079203844,0.2242360115,0.6518850327499998,1.4563068155999996,-0.2009619134499999,0.7342941973463673,-3.115658283,1.31875962,0.7612973524937751,-1.23174303795,-0.68450299675,-0.263720274,0.36309330925,1.08473371295,2.3164767509,1.1323475011198572,0.5354133579497694,0.199164971919405,3.1581085870150294,1.2525487324505316,0.4790124902607414,0.757513616779335,1.0806908910157094,1.4200943650710829,2.100675760189153,1.6216632699284117,-0.0004324906299999,0.0928082471441308,-0.296299958,0.211939538,0.09280925485161,-0.12130674959,0.0638727781864763,-0.26102252,0.060781045,0.1370950739062121,-0.03071428526,0.0455058158734464,-0.170736706,0.108184153,0.0549012440418308,0.1672130092731387,0.049624320676688,0.0658095108747745,0.3140466683582606,0.1744212248345984,-0.0059362136951899,0.7029893661384397,-2.0800553699669013,1.8491714467114064,0.7030144291099295,-1.096248580535307,1.2301976892188304,2.326446269754137,5,0.05,2.025761085895172,156.88783271634333,3.0422763672801545,49.42292875367601,NORMAL,76.csv,0.59,1.59,NORMAL,ANOMALY,0.6308256035705847,ANOMALY_RECORDING_SAFE_REGION
0.4032885996299999,0.5586335925777737,-0.836549342,1.641178429,0.6889943289664121,-0.4753685632,0.025009882,0.398213163,0.81298559925,1.2986009535499996,1.7739695167499996,0.00198087694,0.3787178405260701,-1.128733635,0.741704941,0.378723020961469,-0.6638302204000001,-0.20441257925,0.03191781,0.2779765125,0.547546363,1.2113765834,-0.10018914492,0.732581805605393,-1.676501632,2.081579924,0.7394010864638072,-1.2395966816,-0.6370480654999999,-0.1888435485,0.45841621975,0.933183467,2.1727801486,1.0025112668993057,0.3997867410981324,0.1423973198438509,2.1290003509480457,1.0792860040869223,0.3314171187142206,0.7085040624055021,0.982099660884016,1.2778939229318445,1.612561141882632,1.2811440231684117,0.0035708147699999,0.0803887486649084,-0.170431275,0.198897573,0.0804680161929662,-0.02987159883,0.0467372338840115,-0.178036542,0.059253883,0.0554678415641824,0.01020602543,0.0335485221386593,-0.095172732,0.086864972,0.0350665979639589,0.094213745155591,0.0436488212251372,0.0147867459078111,0.2382662860465121,0.1038337583379637,0.0034074471051389,0.495959392232317,-1.3788547643660178,1.3552551831035564,0.4959710973829256,-0.9491137574959396,0.8879104427947788,1.837024200290719,3,0.03,1.12648908404874,116.48582786179163,1.0781449370586649,24.598732943922357,NORMAL,37 - Normal Road.csv,6.09,7.09,NORMAL,ANOMALY,0.6962222415019461,ORIGINAL_NORMAL
-0.0453262040019035,1.1710635189891443,-3.768371343612671,2.322894334793091,1.1719403697613888,-2.020783561468124,-0.8040334656834602,0.0525882989168166,0.7271794229745865,1.845438459515571,3.8662220209836953,0.0525962924957275,1.075357820096247,-2.0373363494873047,2.3768763542175293,1.0766433073337005,-1.7730246901512146,-0.6639238595962524,-0.021399974822998,0.8247727155685425,1.757630968093871,3.530655658245086,0.1473423831164836,1.2904523291544578,-4.644770383834839,4.117471933364868,1.2988367840812831,-1.756820443272591,-0.4102433249354362,0.1242415159940719,0.7200630567967892,2.578406995534897,4.335227438807488,1.8173828745003724,0.9574453094868044,0.3058771454899491,4.856476742351764,2.054162124367383,0.6090932929625228,1.0606724941513268,1.6462221428566175,2.3683550294254734,3.42686644228864,2.817773149326117,0.0341320694385067,0.1538795862179675,-0.3954127728939056,0.7649859547615051,0.1576195584905882,-0.0652446344297786,0.1092176618677606,-0.3508501827716827,0.3691150426864624,0.1272216962068025,-0.0009920444238086,0.1075502300242348,-0.3509418219327926,0.2828303948044777,0.1075548052408846,0.1922685843775765,0.1250204495126748,0.0687058668935833,0.863172982400252,0.2293410589818329,0.0233598343999552,0.9100140715001068,-2.248847383081653,2.7428872410127783,0.9103138426890998,-1.3485278781506895,1.5838288652525216,2.9323567434032114,4,0.04,3.0390938678513915,421.9582033185519,5.259732133490855,82.86712921913951,NORMAL,102.csv,196.05,197.05,NORMAL,ANOMALY,0.7603866083832085,ANOMALY_RECORDING_SAFE_REGION
-0.0542103440675418,0.3363591579754937,-1.1114041209220886,0.6329062879085541,0.340699639797145,-0.5708338767290115,-0.2778139617294072,-0.0007770769298076,0.1729623372666537,0.4204920306801795,0.9913259074091912,0.0537868440151214,0.2901319976514753,-0.6591682434082031,0.7477359771728516,0.2950755846394999,-0.3839735984802245,-0.1656152009963988,0.0499453544616699,0.270814299583435,0.5659002065658569,0.9498738050460817,0.276146462187171,0.8198859634090352,-1.4200596809387207,1.9975125789642327,0.8651415269039237,-0.8958273828029633,-0.4251315593719482,0.2515090405941009,1.011161550879479,1.515826016664505,2.4116533994674683,0.8744089421912485,0.4324635344140374,0.1002705496165555,2.0164219964318355,0.975507922459833,0.2345736295240144,0.5237705151035268,0.8410267859700429,1.189019517386206,1.6552462290843504,1.420672599560336,0.0079046538708553,0.0461339680936359,-0.1216231793165207,0.1360701285302639,0.0468062662993177,0.0841596680559025,0.0273236541790108,0.0337502795271575,0.1512806624174118,0.0884840765616836,-0.0154886037889354,0.0216028247921756,-0.0658206809312105,0.0532979521900415,0.0265815516163384,0.0996698624191132,0.0281559191209171,0.0426966726893145,0.1942015475561374,0.1035704458626523,0.000473812296913,0.42776544592563,-0.9908518844087107,1.1787583075629122,0.4277657083334822,-0.6039823013523392,0.6730390295703881,1.2770213309227274,2,0.0208333333333333,1.142013054240587,91.35510785106236,1.0297763765941057,17.5664161177004,NORMAL,95.csv,176.09,177.09,NORMAL,ANOMALY,0.7547557035243475,ANOMALY_RECORDING_SAFE_REGION
-0.1366814267635345,1.201004649665374,-3.5007930994033813,3.3633378744125366,1.2087572051243225,-1.929382112622261,-0.9305967278778552,-0.0046612173318863,0.5526528283953667,1.683858668804168,3.6132407814264287,-0.093318510055542,1.1621700740557432,-3.2097036838531494,2.2910280227661133,1.1659106420947185,-2.3096214056015016,-0.7661048173904419,-0.0713558197021484,0.7294579744338989,1.6564149141311642,3.966036319732666,0.054965845644474,1.1926852485432775,-2.680693984031677,3.47599720954895,1.1939511490342274,-1.7309130609035492,-0.7890191078186035,-0.0500268042087554,0.7161277085542679,1.9846818864345543,3.715594947338104,1.9066636183629904,0.7814056558413054,0.4685043348945454,3.8208010763947113,2.0605729670579085,0.6961864452138063,1.274230605596532,1.7974668471892574,2.4417267227308384,3.2650861297141427,2.5688996845003365,-0.0050097022442496,0.2655585584499764,-0.6530144661664963,0.6659953147172928,0.2656058076974327,-0.001368642614776,0.0957996059152277,-0.2244011715054512,0.3631285607814788,0.0958093819838115,0.0167465525967854,0.109249320349439,-0.2854571133852005,0.2259588807821274,0.1105253863177653,0.275537642755078,0.1265731061655349,0.0597184760016541,0.6742087990176145,0.3032189700190553,-0.0086913900902024,1.1166515485318882,-2.4564010672329326,2.3675058985249366,1.116685372475329,-1.7467448541294477,1.7751407115125684,3.521885565642016,5,0.05,1.914137458031721,424.5960952569833,9.194174377941678,124.6986221100364,NORMAL,91.csv,74.09,75.09,NORMAL,ANOMALY,0.6176472868217053,ANOMALY_RECORDING_SAFE_REGION
0.0909842033648774,1.191778443126542,-2.913599729537964,2.9485387802124023,1.1952464108973788,-2.073757195472717,-0.7504269406199455,0.0568076074123382,0.9125922620296478,1.7807442456483835,3.854501441121101,-0.0213020727747962,0.9266358873121447,-2.266529083251953,3.2662477493286133,0.9268807075127136,-1.8320064663887017,-0.5149766206741333,-0.0726294517517089,0.5297820568084717,1.4971187591552717,3.329125225543973,-0.550622165557884,1.2209650519684747,-3.181958198547364,2.204527258872986,1.3393806133179746,-2.4116097688674927,-1.2794640809297564,-0.7094388604164124,0.3553961366415024,1.5245794951915737,3.9361892640590654,1.8620503428843085,0.7838563494791628,0.5046222964430722,4.56972256889086,2.020312415458156,0.7389130925741576,1.2582716517974384,1.7309877440564831,2.383061140325437,3.017933839477018,2.2790207469028605,-0.0036655522827502,0.1465669076893616,-0.3718333899974823,0.3868301212787628,0.1466127371791394,0.0247574767910312,0.0838762918574863,-0.1391244549304247,0.2518290027976036,0.0874537877557095,0.0005657770008491,0.0705825694850172,-0.2328921966254711,0.1776089340448379,0.0705848370312064,0.1630936769804005,0.0867532791525188,0.0323145452833631,0.4104271248318303,0.1847313696011105,0.0252481034746817,0.8933200607825583,-1.930741125306949,3.790750761097195,0.8936767859386423,-1.3612066151716318,1.3294621320430198,2.6906687472146515,2,0.0238095238095238,2.707672226006552,342.859629508567,2.8665570288349755,67.08728860895224,NORMAL,95.csv,237.59,238.59,NORMAL,ANOMALY,0.6596269088994208,ANOMALY_RECORDING_SAFE_REGION
0.3638408482819795,0.9699134223088512,-2.418092727661133,2.5953880548477173,1.0359112942976432,-1.3391809344291687,-0.2301034592092036,0.3988080695271491,1.0388925224542618,1.771675723791122,3.110856658220291,0.0104185605049133,0.7880590484726314,-1.7548565864562988,1.7119669914245603,0.7881279149240837,-1.1209726810455325,-0.6112257242202759,-0.0777487754821777,0.6486766338348389,1.360134673118591,2.4811073541641235,-0.8064975460618734,0.9413161845121364,-3.1060653924942017,2.0546966791152954,1.2395622013551035,-2.0771571516990663,-1.4593453109264374,-0.9605279415845872,-0.3473834916949271,0.9676532432436936,3.04481039494276,1.6718362966575169,0.6601027708946475,0.4662674136864527,3.8200308198306567,1.7974349142498354,0.7439069176029567,1.2243987046427596,1.5947915935899757,2.081278909393192,2.6863738177659533,1.9424669001629968,-0.0023912304240075,0.133726432606178,-0.4462367177009582,0.2667951956391334,0.1337478103017592,0.0456596988613382,0.0492877046957414,-0.08338304143399,0.166063591837883,0.0671869476482054,0.0462959143176776,0.0726448906834656,-0.0882699582725763,0.2487135946750641,0.0861428570742949,0.1532289405254435,0.0796495216882725,0.0178762769590525,0.4682043491264078,0.1726938172596821,-0.005356430377916,0.6295128573110803,-1.5656947172361368,1.6291924886363902,0.6295356454295133,-1.0428179973744731,0.97572010540927,2.0185381027837432,3,0.03,2.14819452317314,323.0772270964313,2.982315451972049,39.6315128866354,NORMAL,95.csv,98.59,99.59,NORMAL,ANOMALY,0.8514275362318839,ANOMALY_RECORDING_SAFE_REGION
-0.2521350464969873,0.968531773639684,-3.532568335533142,2.0747856497764587,1.000812608944187,-1.749108150601387,-0.8743099495768547,-0.312770627439022,0.534777307882905,1.0657983481884,2.814906498789787,-0.0852970147132873,1.0683378916969242,-3.561741352081299,2.063770771026612,1.0717375758806014,-1.8687530159950252,-0.6689226627349854,0.0277445316314697,0.5692944526672363,1.4532088756561274,3.321961891651153,0.012952272593975,0.9661870723273208,-2.4947975873947144,2.440662682056427,0.9662738846195668,-1.4954374819993972,-0.7884525507688522,0.19318488240242,0.7667198032140732,1.5315281242132186,3.026965606212616,1.5885983786675175,0.7485236944605166,0.4027173452849976,4.373948381463608,1.756112903509876,0.7172818212347104,1.0896353393167455,1.441007899490278,1.8405030925810208,2.919043228010096,2.2017614067753857,-0.0110535980618587,0.1592338705987876,-0.4955640584230423,0.4415025115013122,0.1596170654284327,0.0706959919086075,0.0818857933716624,-0.1108719557523727,0.4581485763192177,0.1081813589674695,0.0090484345894365,0.0722997656145935,-0.1623984031379222,0.2617555558681488,0.0728637789058766,0.177632872746425,0.1045777548063158,0.0336769504226021,0.67502321830639,0.2061308911358934,-0.0331978886118463,0.7954643238489211,-3.1508162766415526,2.0407266691569355,0.7961567624059382,-1.1627360186657416,1.1482250725469625,2.310961091212704,4,0.04,2.7853500027960902,308.3932529873887,4.248994428047753,63.38655903247056,NORMAL,95.csv,200.09,201.09,NORMAL,ANOMALY,0.5720192098766125,ANOMALY_RECORDING_SAFE_REGION
0.5106632360400001,1.1854264803789227,-2.997794628,4.106961131,1.2907412138094938,-1.18144785325,-0.30445598625,0.559421275,1.24733919275,2.2684596478000003,3.44990750105,0.0268663319799999,0.9558004347355402,-4.600396156,2.241743565,0.9561779493560324,-1.2485634569,-0.4668852089999999,-0.0197184085,0.55803382375,1.5413342235999998,2.7898976805,0.0064288552299999,1.2546433321260622,-2.861250639,2.877931356,1.254659802905934,-1.9357572113,-0.7908138554999999,-0.0016530755,0.8775397985,2.25605646705,4.19181367835,1.8091764255012657,0.9387976535438998,0.3995853455771188,5.778332348141396,2.038249340215536,0.6486520318113768,1.2054344712436074,1.6508324811024475,2.189801626658818,3.680818255031052,3.0321662232196758,6.20032799999971e-05,0.1622697620024948,-0.385394585,0.382095921,0.1622697738482218,-0.06673667177,0.0882980122512178,-0.2866483,0.125227281,0.1106811742188026,-0.0287176780899999,0.0573928452613694,-0.171011594,0.118782654,0.0641766602596018,0.184984253477089,0.0920938191129373,0.0268111552504603,0.4448425819442559,0.206640861286635,0.007056326093344,1.0756950761310096,-2.843993323467672,3.6133875749753663,1.0757182198654227,-1.676157347169454,1.7345737230617049,3.410731070231159,5,0.05,3.9691559226401303,415.44603728890695,4.270044555328234,115.7169688550434,NORMAL,48.csv,15.68,16.68,NORMAL,ANOMALY,0.609608401084011,ANOMALY_RECORDING_SAFE_REGION
0.3812752166299999,1.5673025429695615,-2.896839023,4.817993402,1.6130121053529354,-2.0031810047,-0.85431814175,0.4611482025,1.48014222125,2.87109838085,4.87427938555,0.08857144121,0.8144097500661402,-2.062978268,3.24911499,0.8192119025019164,-0.9899359583,-0.49781048325,0.006911278,0.60816884075,1.33050761195,2.32044357025,-0.0247542512,1.3676306982295845,-3.804308891,3.557409525,1.367854707084204,-2.11886096025,-1.022529021,-0.0447861554999999,0.7326111865,2.3050136808,4.42387464105,2.089465915493509,0.8820855292426037,0.5808939724090968,5.032447494703237,2.2680261667159685,0.8723572617680847,1.3987696422933886,1.9759213991592683,2.6207807683458086,3.708335465414328,2.835978203646243,0.00564683386,0.1888828868993167,-0.560804415,0.537652636,0.1889672767863857,-0.0370272661399999,0.0992908228791079,-0.304638261,0.291993365,0.1059702125401887,0.00733343165651,0.0965724947470583,-0.211603563,0.227852564,0.0968505341313682,0.2101345966227421,0.1102805282250865,0.0372661936235151,0.624069595894157,0.2373148617415408,-0.0038087650211363,1.2131302066636396,-2.3552303240666808,3.352754434797641,1.2131361856818677,-1.874753119262445,1.9780916095394805,3.8528447288019256,4,0.04,2.942981579209728,514.3942692908331,5.631834360340664,147.1699405010751,NORMAL,22.csv,7.59,8.59,NORMAL,ANOMALY,0.7764001038863841,ANOMALY_RECORDING_SAFE_REGION
0.2107212915786622,1.0551499744990185,-2.4034578800201416,2.499818444252014,1.0759855628259418,-1.4618547558784485,-0.5041693896055222,0.2022031545639038,0.9533835351467131,1.852527976036072,3.3143827319145203,0.0275157940240553,0.4798768912866309,-1.0382637977600098,1.0313825607299805,0.4806651118103907,-0.6273870468139648,-0.3391199111938476,0.043227195739746,0.4036641120910644,0.6991586685180664,1.3265457153320312,-0.5960545192162195,0.7327205250321551,-2.70060133934021,0.8554052710533142,0.9445424065024692,-1.886555552482605,-1.019683837890625,-0.609540194272995,-0.0209208130836486,0.4313293993473053,2.3178849518299103,1.38452679146607,0.6033488232487898,0.3088839258866571,3.4832363145852305,1.5102795234005624,0.5672072072500868,0.9651696649179632,1.201258472352026,1.7511743769068904,2.3513310604833797,1.7841238532332926,0.0405516174345573,0.1070891254897453,-0.1966984570026397,0.3197877034544945,0.1145098881089188,-0.0181257154949564,0.0595935008326223,-0.1579390913248062,0.1102305479347705,0.0622890592615738,-0.0042587078008822,0.077382911204243,-0.1580307185649871,0.1693928033113479,0.0775000099263029,0.1374963628544631,0.0639800212471037,0.0322668768133664,0.3310091647875731,0.1516531994947223,-0.0115871971769106,0.6155998614279398,-1.4725969392207934,1.5158598543262871,0.6157089024275313,-0.9657168114046082,1.021563440278509,1.9872802516831167,3,0.037037037037037,2.098709523119161,184.75648334304543,1.8628941262758696,30.706893654809736,NORMAL,102.csv,133.05,134.05,NORMAL,ANOMALY,0.7347330917874394,ANOMALY_RECORDING_SAFE_REGION
0.1383726832270622,1.2645978422775193,-2.339370548725128,2.811745405197144,1.272145707911014,-1.7835576325654985,-0.8084688037633896,-0.0791780352592468,0.9396255910396576,2.6800498425960537,4.463607475161552,0.0892974591255188,1.102017252849186,-3.008163452148437,2.074682235717773,1.1056292605496387,-1.7538123369216918,-0.603405237197876,0.1325376033782958,0.801844596862793,1.9801737546920772,3.733986091613769,0.3657687610387802,1.2681050571092114,-2.662729859352112,4.155214548110962,1.3198019633330604,-1.5499548852443694,-0.4762199521064758,0.3569795936346054,1.027513064444065,2.130819690227506,3.680774575471876,1.9192362706663852,0.9482510868521802,0.4106577398548908,5.557155361061077,2.1407120278911305,0.7033760535640388,1.156822697686654,1.8491760740770549,2.397561034460145,3.629539099636296,2.926163046072257,0.0051068295838776,0.2023702877494305,-0.6264418214559555,0.6209440410137177,0.2024347131106374,0.0751400330071337,0.0824708086613105,-0.1429423596709966,0.4308123812079429,0.1115681802377525,-0.018113667793099,0.0984551844361315,-0.2435823291540146,0.2822500735521316,0.1001075836451536,0.2185871182409172,0.1251737670446663,0.053928713768783,0.7928629118553397,0.2518904528103857,-0.0054373565056068,0.9702146736980538,-2.854555179752805,2.7602658696301074,0.970229909817663,-1.566398756294589,1.3084442957149924,2.8748430520095813,4,0.04,3.6379190903946914,458.2647986357756,6.344880021702116,94.13460779047904,NORMAL,95.csv,153.59,154.59,NORMAL,ANOMALY,0.7613412698412698,ANOMALY_RECORDING_SAFE_REGION
0.0381384970992803,0.7683554867419208,-2.724686622619629,1.4658795595169067,0.7693014356982611,-1.2840047955513003,-0.3841168768703937,0.1951215267181396,0.532951358705759,1.1105697095394134,2.3945745050907137,0.0543504881858825,1.3204653550777898,-2.3943917751312256,3.745691299438477,1.3215834175438028,-2.0305011868476868,-0.8418101072311401,-0.1745707988739013,0.886631965637207,2.447124409675597,4.477625596523284,-0.1391231755912303,1.3143557994936623,-2.673323392868042,4.139491558074951,1.321698311132012,-1.9014370441436768,-1.1226588860154152,-0.2639826387166976,0.7550138905644417,2.1506657689809794,4.052102813124656,1.803046864834596,0.9134089212141038,0.207059843176725,4.384356239212697,2.021210987043009,0.5636892209405371,1.1257477781333547,1.6173058247492444,2.408662909184591,3.3665430347780707,2.8028538138375336,-0.0411576257494161,0.2200734320835067,-0.5396990329027176,0.6699659526348114,0.2238889583394922,0.0278584883922594,0.0694891285195642,-0.2073885910212993,0.1853669166564941,0.0748654416797909,-0.0014104867386922,0.0415583386760227,-0.115300728008151,0.1770591557025909,0.0415822676913011,0.1950649322348722,0.1393192636458029,0.0260093214865265,0.7026142904100514,0.2397085417973337,0.0017446501775233,0.7765014315151932,-2.4987178583285807,1.7691565431171168,0.7765033914603247,-1.291907199288462,1.1444247095317537,2.436331908820216,4,0.04,2.581309374378101,408.5293854143376,5.746018501060409,60.295751694938616,NORMAL,95.csv,155.09,156.09,NORMAL,ANOMALY,0.7602857142857142,ANOMALY_RECORDING_SAFE_REGION
-0.1408161230385303,0.8700657887460631,-2.650324583053589,2.1217029690742493,0.8813873480223728,-1.701208245754242,-0.7555226013064384,-0.0819269958883523,0.4035164024680853,1.126467141509056,2.827675387263298,0.0258229684829711,0.7534646541349767,-2.599738359451294,2.702970027923584,0.753907030562796,-0.98327214717865,-0.4048483371734619,0.0511181354522704,0.3578218221664428,1.4261961936950684,2.409468340873718,-0.1722498083114624,0.6828468903541541,-1.4924451112747192,2.9693007469177246,0.7042370851706644,-1.2541110455989837,-0.6364005357027054,-0.2039461582899093,0.1256191357970237,0.8477839499711977,2.1018949955701816,1.1846638514015913,0.661619905457768,0.173342550282384,3.5977759731007497,1.3568969526517471,0.4240456312416189,0.7525932503704426,1.001940421442967,1.4550065569408708,2.5187700992016677,2.0947244679600483,-0.0048123927948763,0.0991613060646917,-0.4225657135248184,0.256379947066307,0.0992780123938208,0.0386032943380123,0.0742541923825502,-0.2565326675772666,0.2520733475685119,0.083689302901458,-0.0024171918742213,0.0852659396998223,-0.27855434268713,0.2489273957908153,0.0853001951313743,0.1268899858421771,0.0896385963043949,0.0229831529964057,0.4717859085753886,0.155358123232904,-0.001822196788182,0.60947777060514,-1.6540813918999349,1.2330519815745755,0.6094804945713574,-1.0523306840465658,0.9129656128063746,1.9652962968529404,6,0.06,2.4131121216991582,184.11693401155975,2.4136146454450187,37.14664732629465,NORMAL,102.csv,201.05,202.05,NORMAL,ANOMALY,0.7607639958081136,ANOMALY_RECORDING_SAFE_REGION
0.0880074856057763,0.3537432245981848,-0.6804020702838898,0.97760608792305,0.3645265236876086,-0.4804118312895298,-0.1663991063833236,0.0954220201820134,0.3188138529658317,0.6631298638880253,1.143541695177555,-0.031512427330017,0.2665131263689588,-0.6612334251403809,0.4162769317626953,0.2683696696782001,-0.5081300735473633,-0.1822271347045898,0.0152668952941894,0.1641451120376586,0.3761616945266723,0.8842917680740356,-0.3965619459748268,0.357079998342267,-1.3943940997123718,0.7442114949226379,0.5336361140435071,-0.9642099261283874,-0.6083415001630783,-0.4133221209049225,-0.1807564198970794,0.1194263368844979,1.0836362630128853,0.6531077147387104,0.2512363055674736,0.1600205382109487,1.4110799417593014,0.6997637946381721,0.3055756910702132,0.4628316974458523,0.6222253356470154,0.8279427542311611,1.11629153105001,0.8107158399797967,0.0044776386224402,0.0436186709222663,-0.089613863825798,0.0997236724942922,0.0438478927732922,0.0127328655347518,0.0311103945082156,-0.0850629187189042,0.0746782179921865,0.0336152124964707,-0.0059220285342453,0.0179514117633147,-0.0449291042983531,0.0438906341791153,0.0189030052175967,0.0530690325049352,0.0243643511526089,0.008307199670458,0.1132913183153618,0.0583947242317104,0.0036780479219979,0.3284866850714819,-0.9333298627823609,0.8042876742884695,0.3285072758794962,-0.5176621647617348,0.515424028954003,1.0330861937157376,3,0.03,0.757972227020591,48.96693682864138,0.3409943818097506,10.791703030576745,NORMAL,95.csv,177.59,178.59,NORMAL,ANOMALY,0.6891666666666668,ANOMALY_RECORDING_SAFE_REGION
0.1655066891759634,0.72040939981313,-1.347115933895111,2.3851451873779297,0.7391766821951996,-1.0650696456432345,-0.312165418639779,0.1886662542819976,0.5956336855888367,1.1943493410944934,2.259418986737728,-0.0143407702445983,0.8352983631297574,-2.2286412715911865,1.742656707763672,0.8354214583899914,-1.2140665531158448,-0.5860618352890015,-0.1126441955566406,0.4710550308227538,1.452514600753784,2.666581153869629,0.2638286963105202,0.6625402477131281,-1.494408130645752,2.199440598487854,0.7131375469267355,-0.6451104044914245,-0.1585572734475135,0.2098238170146941,0.6965385973453522,1.1879160672426217,1.8330264717340463,1.1934954496617394,0.5731011717951442,0.1872591767676195,2.8612266505704707,1.3239623640709146,0.3344073842461629,0.7659239144482854,1.1635230569877704,1.6587426957084448,2.095886529013206,1.7614791447670428,5.497899503096766e-06,0.1094500660756171,-0.2699411392211914,0.2784016169607639,0.1094500662137024,-0.0168412365232288,0.0595579151917564,-0.1941022828221321,0.1064431890845298,0.0618932347645507,-0.024934584428498,0.2203197891368814,-0.403628908097744,0.7479122996330261,0.2217262794211407,0.2087167440071164,0.1463214039736267,0.0208058651731318,0.768318954538791,0.2548972979255477,-0.0086902682596677,0.6832888810730754,-2.130853311929694,1.5109472141212297,0.6833441415279128,-1.2557412069028109,0.98465106454016,2.2403922714429707,3,0.03,1.6677312009087313,175.2876341476245,6.497263248974543,46.695921576052015,NORMAL,95.csv,13.59,14.59,NORMAL,ANOMALY,0.5582028703579958,ANOMALY_RECORDING_SAFE_REGION
0.1984299269299999,0.6139029106653558,-0.830655277,1.849761486,0.6451753402175574,-0.62451869225,-0.21370967575,0.101983996,0.52842758625,1.3582101765499996,1.9827288688,0.05467641907,0.2942361394379824,-0.516509056,0.833464622,0.2992731470641596,-0.37946400625,-0.13672173025,0.031723976,0.2451405525,0.57945857005,0.9589225763,-0.27165055338,0.7869687959962149,-3.011250496,2.469198346,0.8325346293238454,-1.5084011464,-0.48805693525,-0.253630154,0.0405129157499999,0.6100253478,2.1184264942,0.8575929109327014,0.6807818625080252,0.0626633877859689,3.392913021014525,1.094956412466688,0.2293770380495318,0.3713534975268266,0.6257552735543959,1.1224066593974884,2.381111292843067,2.151734254793535,0.02027398839,0.1243344752596189,-0.44758063,0.515020102,0.1259765706126447,0.00751698811,0.0909193526710614,-0.324705178,0.282250074,0.0912295664813262,0.00315298051,0.0413722761245392,-0.095844685,0.10476331,0.0414922464783669,0.1064528310937513,0.1207573244720178,0.0129650561113455,0.6095066387733051,0.1609799262688206,0.00445577006095,0.5364490507505186,-1.4315794498144143,2.700541952378813,0.5364675553451193,-0.7626445113284396,0.9279312901634288,1.6905758014918684,7,0.07,2.5353201100818232,119.89295452019196,2.5914536661514944,28.77974379379686,NORMAL,15.csv,28.09,29.09,NORMAL,ANOMALY,0.6034035087719298,ANOMALY_RECORDING_SAFE_REGION
-0.1402265474013984,1.22858359273079,-3.136153221130371,2.620718240737915,1.2365602002827891,-2.0767160624265677,-0.8626859486103058,-0.0454695690423249,0.7909973785281181,1.5458629131317134,3.6225789755582807,-0.0190942978858947,0.645465409600683,-1.2276382446289062,1.6106224060058594,0.6457477736723006,-1.0293039083480835,-0.5191937685012817,0.0408518314361571,0.3455264568328857,1.0514994621276854,2.0808033704757687,-0.1499859970808029,0.8412357042943284,-2.116661787033081,2.3205087184906006,0.8545017902262682,-1.5548923820257188,-0.6054947152733803,-0.1984799802303314,0.3579734340310096,1.0894831955432884,2.644375577569007,1.4663216477981775,0.7253588427974661,0.2616370175782765,3.940825228592095,1.6359231722871468,0.4893976784386628,0.8680208630861203,1.451396522879678,1.865370180283089,2.604830145768466,2.115432467329803,0.0044577858537086,0.1191960897960111,-0.3426340520381927,0.3296837210655212,0.1192794184986507,-0.0191374772518756,0.0987805651659947,-0.2437045067548751,0.2131001770496368,0.1006173100916506,-0.0151931233165087,0.0966339152826868,-0.2974300593137741,0.2040899246931076,0.0978209823042691,0.1627289583745506,0.0862534257450773,0.0391851667839062,0.4315774528362402,0.1841748282106645,-0.0142532732599862,0.9483481724677318,-2.322895093826824,2.846608462376356,0.9484552767640184,-1.7335839458426674,1.5091526916112556,3.2427366374539237,4,0.04,2.4745035807939173,267.6244625626041,3.3920367346427795,89.9567412021511,NORMAL,102.csv,198.55,199.55,NORMAL,ANOMALY,0.7121923076923079,ANOMALY_RECORDING_SAFE_REGION
-0.3301369068099999,0.5562059473826274,-2.024858534,1.144335449,0.6468040144756994,-1.14231575105,-0.63954497125,-0.3803768155,-9.711425000000044e-05,0.6275665590499999,1.7698823101,-0.0319104290399999,0.531150284431303,-1.923696518,1.161161423,0.5321079778888594,-0.83215699205,-0.35661685475,-0.0536084175,0.31323516375,0.8119239095999999,1.64408090165,1.21024759603,0.6341614038982702,-0.81397374,2.946777225,1.3663308273952612,0.30272318975,0.890867941,1.196443558,1.56280438575,2.2968406378,1.99411744805,1.5029960134344986,0.5561989273321868,0.3462865858563776,3.009082706596732,1.602608580772445,0.6285170705678553,1.1976060933877368,1.458081967237411,1.8301377714454383,2.5379637389805927,1.9094466684127371,-0.00767826495,0.0875326186031275,-0.235335656,0.339274293,0.0878687377408085,0.05096230909069,0.0517991413191577,-0.097158045,0.217773292,0.0726657277487613,0.00466120384,0.0377290912844371,-0.104610592,0.166002505,0.0380159328491019,0.100730641924391,0.0655726466547419,0.00873157414184,0.3537482512576968,0.1201933201630086,0.0023415569612488,0.6007709817848089,-1.60629269805263,2.1229235725052016,0.6007755449780608,-0.9330923384402166,0.9666825142285947,1.8997748526688116,4,0.04,1.506086693162233,256.83542631654706,1.444643421180751,36.0931255443686,NORMAL,37 - Normal Road.csv,31.09,32.09,NORMAL,ANOMALY,0.7094469074986317,ORIGINAL_NORMAL
-0.3053968179,1.289428465789318,-3.432751417,2.791787267,1.325101122469995,-2.5216790673,-1.0832275005,-0.38446058,0.6052490810000001,1.7841650930499997,4.30584416035,0.0390378856899999,0.8765156421958956,-3.053493023,2.173843861,0.877384538006699,-1.2849962948,-0.4491367935,-0.0125236509999999,0.50476062275,1.4621228216499993,2.7471191164499995,0.05584718033,1.332436377317139,-2.906550646,3.017063498,1.3336062414179206,-2.0787557482,-0.8395924272499999,-0.04590331,0.99336697875,2.30231802445,4.38107377265,1.8919064023382992,0.8514061218036054,0.3291962482992319,4.066550843606251,2.074657132986871,0.6150930933569266,1.1608206156305452,1.8489784892232428,2.56078680432008,3.1991692478127143,2.584076154455788,0.01026100106,0.1710211809559685,-0.375681844,0.523969263,0.1713287263663845,0.02251585759,0.0736295579740701,-0.228035825,0.206411207,0.0769952962879558,0.0006768384499999,0.0864024782846997,-0.188146349,0.207449684,0.0864051292691898,0.1855433613287084,0.0912212451113628,0.0404372744699173,0.5492340844783368,0.2067550591710465,-0.0030387555840176,1.314395930590909,-2.803413273680019,2.595715698170953,1.3143994432399313,-2.0814378941649925,2.145473747699611,4.226911641864604,2,0.02,2.174644441267952,430.42022194533024,4.274765449282298,172.76458963894416,NORMAL,22.csv,4.09,5.09,NORMAL,ANOMALY,0.525448051948052,ANOMALY_RECORDING_SAFE_REGION
-0.2470381514728069,1.0860368954177473,-2.9509094953536987,2.7418007850646973,1.1137791461917934,-2.190681159496308,-0.9855191186070442,-0.1340408883988857,0.5034437030553818,1.4058855026960368,3.596566662192344,0.1570354747772216,1.2022574026244506,-3.1182687282562256,3.876388072967529,1.21246979447069,-1.9118661522865288,-0.5388035774230957,0.1251130104064941,0.7839049100875854,1.919035387039184,3.830901539325713,0.0143778935074806,1.4459265177439342,-3.280179500579834,3.358153343200684,1.4459980008758004,-2.186218258738517,-1.1516684219241142,-0.0082198232412338,1.1097968369722366,2.4997115612030028,4.685929819941521,1.9773823092438652,0.9441696937636416,0.2091954904363395,5.177388036173166,2.19123189268784,0.829340531072847,1.2821120090854412,1.7809989013437897,2.709836592482114,3.763269498415904,2.933928967343057,0.0061889765329397,0.2398687966532544,-0.5025584518909454,0.6572905033826828,0.2399486258314591,-0.0049247918151013,0.1058424276038679,-0.2386954165995121,0.3257436454296112,0.1059569396288044,-0.0138455559203866,0.1083331975705029,-0.2736674211919307,0.2634659826755524,0.109214381445825,0.2489490275417181,0.1369466279049422,0.0197020956886839,0.7127859037819186,0.2841302469088813,0.0168897280760858,1.167914989163265,-4.088681116736956,2.7648351571046077,1.1680371076411542,-2.1114198615671933,1.9754828702750329,4.086902731842226,4,0.04,3.2000057269293007,480.14972075323305,8.072999720850188,136.43106848267132,NORMAL,91.csv,69.59,70.59,NORMAL,ANOMALY,0.6413302048034745,ANOMALY_RECORDING_SAFE_REGION
-0.0407469096779823,1.1228717938528092,-2.913599729537964,2.9485387802124023,1.1236108650589542,-2.0919929444789886,-0.7691992521286011,-0.0713004358112811,0.7437895387411118,1.7108224451541902,3.802815389633179,-0.0589615797996521,0.8675709509268538,-2.266529083251953,3.2662477493286133,0.8695722067687054,-1.3730194211006164,-0.5716356039047241,-0.0909690856933593,0.3944557905197143,1.2088665008544912,2.581885921955108,-0.7689356076717376,1.136781163339293,-3.181958198547364,2.204527258872986,1.3724188070951742,-2.4713439643383026,-1.6895883232355118,-0.7663760781288147,-0.0234759151935577,1.1395953714847564,3.6109393358230593,1.8023332319241845,0.8085700353298977,0.2260305143709705,4.56972256889086,1.975396309840552,0.7087321702708249,1.1834000195514227,1.6631694294521897,2.4150014025391524,2.912496766611745,2.2037645963409203,-0.0168048900746507,0.1429114960469691,-0.3718333899974823,0.3868301212787628,0.1438961432172661,0.0352004721543052,0.0782972461260365,-0.1777616497129202,0.2518290027976036,0.0858459783030467,-0.0075151640230033,0.0625167087596042,-0.1550680249929428,0.1736993998289108,0.062966789376828,0.1586809607142473,0.0828299540917441,0.032478795008286,0.4104271248318303,0.1789984597364931,0.0102497454860305,0.9854962783657414,-1.930741125306949,3.790750761097195,0.9855495786388704,-1.6280360244712593,1.6245050148587423,3.252541039330002,2,0.02,2.767389336966676,390.2190580931669,3.204044858803695,97.1307971955255,NORMAL,95.csv,237.09,238.09,NORMAL,ANOMALY,0.6915,ANOMALY_RECORDING_SAFE_REGION
-0.69778744477,0.5572419684596068,-2.056161404,1.256354213,0.8929870824885338,-1.5392487673,-1.0286168235000002,-0.7894153595,-0.36593905625,0.1854381218999999,1.7246868891999998,0.02243024545,0.4496665124194026,-1.107917786,1.009070396,0.4502255971203504,-0.7553418635,-0.2257872817499999,0.0237622265,0.313195825,0.7850045916999997,1.5403464551999997,-0.10257712605,0.622440112979791,-2.077943325,2.624016047,0.630835763915595,-0.8983818011999999,-0.44294834675,-0.0967152865,0.23643505575,0.7311305205499999,1.6295123217499998,1.0934997753004714,0.4498233211457033,0.3177310734298484,3.00135114702544,1.182405505242906,0.4720765794484649,0.7796659600183988,1.0410353540193844,1.349587413471815,1.8012920877926917,1.3292155083442267,0.03028056712,0.1015932430642829,-0.180754891,0.341412324,0.1060099041666734,0.10604032258,0.0676038159519159,-0.048869181,0.284571362,0.1257570115108139,-0.04619358476069,0.0934637684263367,-0.456285447,0.09834923,0.1042560467382825,0.1741756888260097,0.087092355743993,0.0523019016549548,0.4860766987182969,0.1947363576917603,-0.0064164758665309,0.5330357885464242,-2.238402102189161,1.837026911299984,0.5330744066580706,-0.7534080433018415,0.92107774920683,1.6744857925086716,3,0.03,1.9078513717249683,139.8082778828732,3.792224900705322,28.416832303385405,NORMAL,48.csv,13.18,14.18,NORMAL,ANOMALY,0.5166507936507937,ANOMALY_RECORDING_SAFE_REGION
-0.1080706776678562,1.1850831123069772,-3.937782406806946,3.160566806793213,1.190000527078363,-1.9691945523023608,-0.7417047694325447,-0.137487843632698,0.5950418524444103,1.6037753522396083,3.572969904541969,0.0268468475341796,0.8847631893819942,-2.510524034500122,2.042853832244873,0.8851704098691516,-1.2920010566711426,-0.6278611421585083,0.0230441093444824,0.7224266529083252,1.332161998748779,2.6241630554199213,0.5437470488250256,1.135279276330086,-2.5371811389923096,3.652770519256592,1.2587771400730503,-1.4444354489445683,-0.1710936576128006,0.7202534228563309,1.2449949979782104,2.217590922117233,3.6620263710618017,1.7726154887851902,0.8012378711993289,0.359119056994996,4.534629195886,1.945288615430932,0.6080512676957192,1.2138322172357152,1.6497074022913587,2.2037508361682283,3.190518994636969,2.58246772694125,-0.0049287620845134,0.2349463928767809,-0.7304110169410706,0.5657218813896179,0.234998085569854,-0.0002394590164985,0.0988321160352898,-0.2147495120763778,0.2959334481507539,0.0988324061258935,-0.003826151635556,0.0958805780772094,-0.3133125364780426,0.2347247898578643,0.0959568897409567,0.2345879857927971,0.13844907487075,0.0273645774526391,0.7720272032520515,0.2723961626214439,0.000215589599817,1.0145483120706231,-2.466524659232622,2.963123045483175,1.0145483349768143,-1.7519867223323051,1.4734931436453436,3.2254798659776487,5,0.05,2.762013707100809,378.4147797325192,7.419966941088814,102.93083240042264,NORMAL,91.csv,77.59,78.59,NORMAL,ANOMALY,0.6544150793650793,ANOMALY_RECORDING_SAFE_REGION
0.8405248386412859,1.3770252262027711,-2.36369252204895,5.36637806892395,1.6132825164774311,-1.1470406845211982,-0.0575335137546062,0.8546926826238632,1.463524654507637,3.1852229833602888,4.332263667881487,0.0116315245628356,0.6216701261808972,-2.065248966217041,1.591949462890625,0.6217789302874684,-1.114751136302948,-0.2758270502090454,-0.0300548076629637,0.4053041934967041,0.8555531978607176,1.9703043341636657,-0.1182461088895797,1.3311224100489367,-3.147485136985779,3.701461553573608,1.3363641018831718,-2.1683264553546904,-0.974249929189682,-0.1866479068994521,0.8434282839298248,1.8021622776985164,3.970488733053207,1.928797039073051,1.0270834975727283,0.1612890241890629,5.612722114354914,2.18521361173758,0.6088602717882221,1.332834452076455,1.6312624776965476,2.378361748908929,3.8981171488684776,3.2892568770802555,0.0157102204369875,0.1118860327334692,-0.3097695380449295,0.2868010178208351,0.1129836065410096,-0.2137706022821366,0.0751880849516584,-0.4009410917758941,-0.0113009987398982,0.2266078518471177,0.045019207320467,0.1090515932337165,-0.1493564434349537,0.3213148787617683,0.117978722719714,0.2673092392329838,0.0811243705740605,0.0639590742700169,0.5695167627961809,0.2793481571092855,-0.007629437213135,1.0546486358757694,-4.39923393779114,3.536619857449963,1.0546762315833282,-1.819248181837036,1.3381918064699383,3.157439988306974,5,0.05,3.683925075281863,477.5158528923198,7.803539288035409,111.23419534668103,NORMAL,95.csv,163.59,164.59,NORMAL,ANOMALY,0.8087135171141628,ANOMALY_RECORDING_SAFE_REGION
0.4216411530226469,1.02967870924643,-1.5301730632781982,2.876645445823669,1.1126632492347637,-1.1450647920370105,-0.3422627635300159,0.3696777671575546,1.0985565930604937,2.2594950467348096,3.40455983877182,0.008115918636322,0.9745862314713186,-2.3451695442199707,2.1409974098205566,0.9746200237573502,-1.5945669412612915,-0.6197341680526733,-0.0665068626403808,0.5635735988616943,1.6803640365600585,3.2749309778213496,0.023065518438816,1.4645558419915203,-3.611067533493042,3.8877553939819336,1.464737461954306,-2.5060143649578093,-0.7731823474168777,0.0121312588453292,0.9654929265379908,2.307165586948394,4.813179951906204,1.9225774162104063,0.7981576335765385,0.2444112876086032,4.103248196520611,2.081672291538412,0.6124454115590323,1.3139869027673132,1.9772078067582548,2.4748514948632216,3.0917420855177538,2.479296673958721,-0.0074659894826327,0.2352569967513997,-0.5212203711271286,0.5091557919979095,0.2353754352506711,-0.0496846867310523,0.1126941136486033,-0.281822469830513,0.2721402607858181,0.1231605916947752,0.0116097904947819,0.0883459479235433,-0.1753792762756347,0.2302349388599395,0.0891055203107089,0.254130208360311,0.1180159218691997,0.053155003356616,0.5637999987726843,0.2801962180613652,0.0125048604233936,1.0925963139101542,-3.06485699627619,2.799991261681997,1.092667871177818,-1.637238349291304,1.5717740878176174,3.209012437108921,3,0.03,2.180670780310205,433.3359529358783,7.850992061589215,119.39230767042643,NORMAL,91.csv,62.09,63.09,NORMAL,ANOMALY,0.5172044917257685,ANOMALY_RECORDING_SAFE_REGION
-0.6435716393589973,0.6668889191853633,-2.1624276638031006,1.5079480409622192,0.92678222119301,-1.6136309593915938,-1.046283237636089,-0.6370226144790649,-0.2659917548298835,0.6329939462244508,2.246624905616045,0.0763248372077941,0.606680868777452,-1.3983545303344729,1.4586172103881836,0.6114631283367463,-0.8042884349822998,-0.4055045843124389,0.0129330158233642,0.5320996046066284,1.2012520551681518,2.005540490150452,0.4035102787613869,0.6672065940685016,-1.198123574256897,2.0489368438720703,0.7797340471177221,-0.5805436491966247,-0.0297106802463531,0.4381589293479919,0.728118360042572,1.670285505056381,2.250829154253005,1.2448617177680936,0.5395525282165424,0.1426542161567451,2.568113348698283,1.3567599740077063,0.4938574813968373,0.8429150970886204,1.2099631185516904,1.6155166661993086,2.287719797938583,1.7938623165417455,-0.0048853911307669,0.0824880677685505,-0.2049451351165771,0.1612072169780731,0.0826326108185477,0.0313593542808739,0.0503729710056341,-0.1099251165986061,0.1430950742214918,0.0593367113079906,0.0181197764751559,0.0478229198356167,-0.1143844313919544,0.1392771694809198,0.0511405705982387,0.1021387861597292,0.0503191812579252,0.01631632297968,0.2300928852854067,0.1138611067953005,0.0114645151005857,0.715808094358769,-1.3051335807559237,1.7977507725075812,0.7158998973711506,-1.1594489081470658,1.1006848807787402,2.260133788925806,3,0.03,1.3232516309301894,184.0797627069392,1.2964351640650835,51.25126630560239,NORMAL,95.csv,195.59,196.59,NORMAL,ANOMALY,0.5657045362045362,ANOMALY_RECORDING_SAFE_REGION
-0.0266375648416578,1.6684292901634874,-4.265684604644775,3.00337016582489,1.6686419196868247,-3.040277636051178,-0.9485542625188828,0.0405297279357909,1.0833076536655424,2.493066555261611,5.533344191312789,0.0897643899917602,0.7790366021002681,-1.4468507766723633,2.330080032348633,0.7841910947737958,-1.079408621788025,-0.4595669507980346,-0.064847707748413,0.5975645780563354,1.4522167444229126,2.5316253662109376,-0.4749091389775276,1.0340750681549054,-2.642506122589112,2.105699896812439,1.137914731807243,-2.1117182224988937,-1.2842940986156464,-0.482648566365242,0.1960305273532867,1.1977599546313282,3.309478177130222,1.950364927223954,0.9435296056708052,0.3881699129902024,4.400282096280874,2.166603670753515,0.5393166658434277,1.2909879675658538,1.741577121977766,2.403429152819669,3.6804270393252088,3.141110373481781,0.0197345976472715,0.1170316076209922,-0.1839313834905624,0.3232085525989532,0.1186838300976741,0.0451038116927374,0.0574276363173392,-0.1143844290636479,0.1959959626197815,0.0730225118864758,-0.0029697189014987,0.1156582712942384,-0.278584885597229,0.2477056682109832,0.1156963912536842,0.1662263225605176,0.0719208134408699,0.0264792444397463,0.3277656046052442,0.181118176111592,-0.012979191584597,0.8416170592114,-2.573454751004609,2.4430178454260387,0.8417171340597948,-1.459080776035542,1.1947196039977217,2.653800380033264,4,0.04,2.44991716905692,469.41714661226047,3.2803793717989667,70.84877337698346,NORMAL,95.csv,235.09,236.09,NORMAL,ANOMALY,0.7278888888888888,ANOMALY_RECORDING_SAFE_REGION
-0.02135636295,0.8750995566919371,-3.788494349,3.281273603,0.8753601135309266,-1.3027440534,-0.3944577595,0.017007973,0.31090505025,1.1311550513499995,2.433899104749999,-0.00971404553,0.5149363812766996,-1.89416194,1.184998989,0.5150279986980334,-0.80273759405,-0.29060697575,-0.0048816205,0.3605858085,0.8806549068999999,1.68339250095,0.03207424338,0.8069502614571874,-2.114297867,3.445002913,0.8075874451440059,-1.19779595615,-0.3251757025,-0.0449889895,0.3941214305,1.5647756189,2.76257157505,1.0403563355731915,0.7754774944450175,0.1250714332008689,3.9602504190605856,1.2975772228881028,0.2581558795357749,0.5110055072003712,0.8226428876988316,1.2898465348659554,2.705757038806052,2.447601159270277,0.00569356765,0.0937948282421428,-0.32482734,0.295811266,0.0939674758496693,-0.00739971008,0.0830165352347152,-0.266031615,0.440280788,0.0833456707432651,0.008901216,0.0529527714566973,-0.10571015,0.209221184,0.0536956949040039,0.108505691839164,0.0829827080718097,0.0146223660914547,0.5522108380281439,0.1366002013191299,-0.0165285192146227,0.8299280022714365,-2.274589323994367,2.8662734502335017,0.8300925736938535,-1.538906420493824,1.3495925116130434,2.8884989321068675,6,0.06,2.919894083487394,168.3706649358001,1.865961500042684,68.90536809016855,NORMAL,83.csv,17.6,18.6,NORMAL,ANOMALY,0.5742041887312772,ANOMALY_RECORDING_SAFE_REGION
-0.4200700383241239,0.8622176311551843,-2.811195135116577,1.1531790494918823,0.9591027476618385,-1.7543855428695678,-0.9870793670415878,-0.3195938318967819,0.2404880756512284,0.9204242646694184,2.674809807538986,-0.0952876191390188,0.5971321217212282,-1.5742697715759275,1.112635612487793,0.6046871101259546,-1.1926948070526122,-0.5078220367431641,-0.0629839897155761,0.4164371490478515,0.6713103771209716,1.864005184173584,-0.1848841003681484,0.8303032284636718,-1.905951738357544,1.837697505950928,0.8506383378182151,-1.6668729543685914,-0.7994637787342072,-0.2135285139083862,0.4157887399196625,1.143363046646118,2.8102360010147094,1.2771794759473658,0.6147542189443795,0.2591604517829156,3.034520964480164,1.4174308319953757,0.5040129782255499,0.8045975417217217,1.1816728200385571,1.7011570121858837,2.3844216217558603,1.8804086435303105,-0.0435350470312435,0.1080260149980288,-0.3039052337408066,0.2249509580433368,0.1164685375385427,-0.1310575020675988,0.0851143120571641,-0.2992932021617889,0.0644156906753778,0.1562706465244288,0.0490019651472807,0.0599419221799092,-0.0838411916047334,0.2131307214498519,0.0774223909661643,0.1988645648985787,0.0665773734248092,0.0251727063193846,0.3246028659916382,0.209713284806775,0.0083838458559845,0.707001296916357,-1.8556913796544785,2.1804776353571658,0.7070510043219993,-1.1828150810851172,1.1925017155677426,2.37531679665286,4,0.0421052631578947,1.757341488532798,190.8654655316547,4.178067873322516,47.49250665771104,NORMAL,102.csv,186.55,187.55,NORMAL,ANOMALY,0.628697304672581,ANOMALY_RECORDING_SAFE_REGION
-0.052018771469593,1.431130111837924,-3.768371343612671,3.615254640579224,1.432075189923502,-2.1747517824172973,-1.098201408982277,-0.1538622826337814,0.7953675985336304,2.5367922753095624,4.71154405772686,-0.020020797252655,0.8522544392935247,-2.0377137660980225,1.6568994522094729,0.8524895668676258,-1.6254394888877868,-0.4667128324508667,0.0652198791503906,0.6337767839431763,1.183606934547424,2.809046423435211,0.0258295813202858,1.4480977269523942,-4.644770383834839,4.117471933364868,1.4483280685244873,-2.416494828462601,-0.7826643288135529,0.163166657090187,0.804442785680294,2.578406995534897,4.994901823997498,1.965308630996046,1.0063766641873737,0.2835299894545727,4.856476742351764,2.207992754808869,0.669907117269933,1.1543781606980756,1.7547879973463223,2.593004883731465,3.656518840952618,2.986611723682685,0.0257916270232526,0.1863039321748592,-0.3954127728939056,0.7649859547615051,0.1880807357714264,-0.0662501178450183,0.1220520612337989,-0.3508501827716827,0.3691150426864624,0.1388732651229092,0.0279073574997746,0.1122216158453419,-0.3509418219327926,0.2828303948044777,0.1156395765538759,0.2207712446354732,0.1388982222416211,0.0371254167255501,0.863172982400252,0.2608307086977657,-0.0127319485911977,1.0017601700515375,-2.248847383081653,2.7428872410127783,1.0018410756285725,-1.6710684031558145,1.760995612566435,3.4320640157222493,3,0.03,2.891168111355718,487.52320052884585,6.803265859977869,100.36855408166149,NORMAL,102.csv,196.55,197.55,NORMAL,ANOMALY,0.8411861866713426,ANOMALY_RECORDING_SAFE_REGION
-0.0564762499928474,1.148626495426346,-3.1637072563171387,2.7404643297195435,1.150014083743614,-2.0158034443855284,-0.8443678095936775,0.0381723940372466,0.750875286757946,1.5806412160396577,3.5964446604251856,0.1145191001892089,0.998597434398038,-2.5936388969421387,2.063201904296875,1.0051425074557787,-1.600299322605133,-0.4264627695083618,0.1266312599182128,0.8793907165527344,1.522179269790649,3.1224785923957823,1.4431375733017922,1.4219519332335633,-2.477355718612671,4.796494245529175,2.0259796040192635,-0.9611499965190888,0.5224151574075222,1.2800484597682953,2.356564372777939,3.771733880043029,4.732883876562118,2.316792956714732,1.0343633813714683,0.5702075096972075,4.852028605266843,2.5372105172817663,0.8498682479482881,1.5678895072876753,2.111534193516145,2.9995694457403395,4.10525320905264,3.2553849611043524,-0.0041190608473843,0.18147262813721,-0.429437942802906,0.3923584461212158,0.1815193692840809,0.0072695964834856,0.0874313952678117,-0.2345415294170379,0.289702620357275,0.087733094733453,0.0131455047485796,0.0764275035559577,-0.1450498402118683,0.2182925283908844,0.0775497749506139,0.1908265093428376,0.1012204932991257,0.0411122208151049,0.4968690594563499,0.2160100574780963,-0.0106832259894405,1.2373378934865646,-3.269856524160758,2.615023390150452,1.2373840123321904,-1.995100927632554,2.065561176271867,4.060662103904421,3,0.03,2.535235648552111,643.7437209005207,4.666034493169047,153.111919397531,NORMAL,95.csv,26.09,27.09,NORMAL,ANOMALY,0.6906659908637521,ANOMALY_RECORDING_SAFE_REGION
0.15715159662,0.3538263291021359,-0.705397606,1.083101034,0.3871559059166063,-0.4609158775,-0.04031163825,0.130061604,0.39947691925,0.6723026531999998,1.1332185306999998,0.07869672854,0.2145049056177035,-0.430664063,0.686473846,0.2284852940934237,-0.26143348195,-0.06327343,0.06591773,0.20863330375,0.4662876132999999,0.72772109525,-0.01890928212,0.4575261988034677,-1.564944983,1.111133099,0.4579167867002081,-0.5363639789999999,-0.2511657144999999,-0.026335243,0.23944828275,0.75773669365,1.29410067265,0.555851916956781,0.3206425658897804,0.0626633877859689,1.9879075329920568,0.641703209158962,0.2133778955788036,0.3466061848326829,0.4824866340182252,0.6769135707695156,1.1312693599984145,0.9178914644196106,0.0131149641199999,0.064099314467877,-0.241474849,0.247827843,0.0654272450827686,0.01111438234,0.0545799530098377,-0.269696794,0.145172012,0.0557000966368622,0.00012675638,0.0304113368280052,-0.082161312,0.078862643,0.030411600991172,0.0682814861709706,0.0603798748392729,0.0084215746580626,0.3667116453476241,0.0911487281278391,-0.0057107944673657,0.3552208831541739,-1.0552552546067258,1.2229557695861415,0.3552667856727952,-0.4823187756836914,0.4541873282140564,0.936506103897748,4,0.04,1.4320556160352755,41.17830086449105,0.8308090639322727,12.62144890022798,NORMAL,15.csv,27.59,28.59,NORMAL,ANOMALY,0.5263784776959592,ANOMALY_RECORDING_SAFE_REGION
-0.01038873242,0.8533449064350068,-2.322124481,2.551123381,0.8534081409852292,-1.2113549441,-0.55923177275,-0.0158209055,0.50477314375,1.2040320243999996,2.4153869685,-0.05234980349,0.7064986962304889,-2.638217688,1.527657032,0.7084355367292229,-1.163469255,-0.42477047425,-0.000686407,0.3525398967499999,1.0139049531499995,2.17737420815,0.07505650041,0.8146530640541912,-2.632561326,2.367795944,0.8181033510667699,-1.2685127802,-0.26623742825,0.0450077505,0.5193960292500001,1.3436222357999996,2.612135016,1.178586846947506,0.7144315936670925,0.1199686216262381,3.758568664746496,1.3782160417827698,0.4167295093986977,0.6795725623101359,0.9868896991512052,1.4047951411583637,2.6084851186674056,2.191755609268708,-0.00466395764,0.1059179145525225,-0.269147024,0.29260423,0.1060205504797215,0.00896382963,0.0669165236099848,-0.230601459,0.248835766,0.0675142308975028,0.01096166687,0.046163008000252,-0.104824397,0.123761204,0.0474466168256514,0.1119021308607755,0.0743479862183407,0.0061788881565379,0.3826202729732397,0.1343492089515406,0.0052643571188727,0.7175534170605137,-2.1775635514394587,2.675364194536514,0.7175727278757843,-1.174768424402913,0.9467196665140276,2.121488090916941,5,0.05,2.57998181779899,189.94794578273655,1.8049709945904715,51.49106197910944,NORMAL,37 - Normal Road.csv,16.09,17.09,NORMAL,ANOMALY,0.5149493594164977,ORIGINAL_NORMAL
0.1283798879384994,1.4739921226165722,-3.691395282745361,3.615254640579224,1.4795722939967515,-2.04899152815342,-0.9534750282764434,-0.0431982427835464,1.2758952081203463,2.5367922753095624,4.585783803462983,-0.049083559513092,0.6520410944466051,-2.0377137660980225,1.2759695053100586,0.6538859110438163,-1.3084497213363648,-0.402105450630188,-0.0435481071472167,0.4279057979583739,0.9784459114074706,2.2868956327438354,-0.1666469150781631,1.1097795769511176,-3.3197308778762817,1.9605666399002075,1.1222218602945098,-2.0445164039731027,-0.8484939932823181,-0.0595130771398544,0.6317780613899231,1.583192729949951,3.627709133923054,1.761244642086779,0.8798296268414088,0.2835299894545727,4.126585744054222,1.968776996398343,0.4879532342848433,1.0131021063417749,1.7008772750893209,2.268068605558833,3.4921462300080184,3.004192995723175,-0.0174072028647206,0.1539545829912925,-0.387715870141983,0.4830107808113098,0.1549355489731015,-0.0750169438312513,0.0957693909382446,-0.3391826637089252,0.1248913075774908,0.1216524479920706,0.0570330849296296,0.1057780722673419,-0.2169180840253829,0.2973078846931457,0.1201739295737031,0.2063778837438099,0.1032195954684555,0.0371254167255501,0.625502891905373,0.2307511988858241,-0.0196604406878776,0.9449325780841156,-2.840991835692385,2.826351588905132,0.9451370853229358,-1.4704482355021682,1.4735315438358136,2.943979779337982,5,0.05,2.3653411019674437,387.60828615472815,5.324611578724515,89.32841100527345,NORMAL,102.csv,197.05,198.05,NORMAL,ANOMALY,0.8585222222222224,ANOMALY_RECORDING_SAFE_REGION
-0.04630503079,1.3585414024166902,-2.842845678,3.46538341,1.3593303123070457,-1.91163296735,-1.1640077304999998,-0.0056062195,0.7929007189999999,2.24471759805,4.1563505654,-0.15150385615,1.2466954729084865,-3.420761347,2.650576115,1.255867437510359,-1.8388044954,-1.068916261,-0.1948316095,0.7829225067500001,1.8196485756,3.658453071,-0.1858258422299999,1.8017974596852635,-5.879212856,5.153760672,1.811354556504263,-3.5339265342,-0.92458740975,-0.1128338945,1.00983911775,2.41430293915,5.94822947335,2.2343754065468,1.3090278035791243,0.3130275578050587,6.452907123477241,2.589592100683882,0.5142784794771892,1.3357009183332638,1.915457832213036,2.7727594068219736,4.965824220371318,4.451545740894129,0.03464916631,0.246879362550365,-0.662024707,0.731510565,0.2492989859170161,-0.10503331158,0.1565691570072551,-0.647363961,0.333837606,0.188536196703508,0.0167746566499999,0.1001256812179881,-0.278737599,0.23170101,0.1015211364450357,0.2616870881435818,0.1988021400556374,0.0257615699319435,0.9826574683647455,0.3286372209470012,-0.0558449040634439,1.0234650180797868,-4.426003565622697,3.3452628604113706,1.0249874616515626,-1.6816645392700869,1.2104713253531418,2.8921358646232287,6,0.06,4.218531716930441,670.598724792436,10.800242299176809,105.05992965429137,NORMAL,57.csv,10.53,11.53,NORMAL,ANOMALY,0.7703714575124113,ANOMALY_RECORDING_SAFE_REGION
-0.2352003663778305,1.1257232187236164,-3.243119716644287,2.237551689147949,1.150031294147131,-1.8687760859727856,-0.8788931258022785,-0.3443057499825954,0.638831976801157,1.4171932235360143,3.2859693095088005,-0.0807182645797729,0.9553293901613864,-2.323545217514038,1.8871655464172363,0.9587333737504378,-1.691194808483124,-0.7403959035873413,-0.113239049911499,0.4946095943450928,1.587246513366699,3.278441321849823,0.0653669872879982,1.1950530567165225,-2.798043727874756,3.8998541831970215,1.1968394426131737,-1.5949888363480569,-0.7945769801735878,-0.114745333790779,0.8182171136140823,2.2934210896492004,3.888409925997257,1.75003840761227,0.7820050400970211,0.3818825590843727,4.392875890484278,1.9168114959106524,0.6810479609737513,1.183517658995272,1.5921316997641228,2.319300724906602,3.089378714867713,2.408330753893962,-0.0044382377536967,0.2555553988999037,-0.6966912895441055,0.6623606860637665,0.2555939354938752,-0.0032055129378568,0.0892023427658262,-0.1965457439422607,0.2874118722975254,0.0892599197182403,0.0112921408054098,0.0983955528515764,-0.2388481311500072,0.2616333782672882,0.0990413916750798,0.2406554948037244,0.15871270653311,0.0450526855120021,0.7013434261261737,0.2882790148350909,0.0205050453899483,0.9250267466474332,-3.393067943169416,2.159349383716612,0.9252539861570866,-1.408217341819249,1.567314596162557,2.975531937981806,4,0.04,2.6428374828720083,367.4166310855233,8.310479039429056,85.60949388995783,NORMAL,91.csv,68.59,69.59,NORMAL,ANOMALY,0.5276822050294059,ANOMALY_RECORDING_SAFE_REGION
-0.0625107673,1.457728561546041,-3.182511568,3.912456989,1.4590682489779303,-2.39434260465,-1.01359496225,-0.0921186059999999,0.9897106255,2.3861226324,4.78046523705,-0.10221564771,0.96753859543745,-3.755418777,2.947772026,0.9729229015178174,-1.60511432855,-0.70928275575,-0.1657223705,0.5914496185,1.32466187475,2.9297762033,0.0608281299599999,1.310168802102902,-2.924967766,3.947149396,1.3115800972103016,-2.3240555105,-0.756556965,0.105624467,0.88877873825,1.915360913,4.2394164235,2.0019752212100745,0.887579119026822,0.392758746793541,4.900687039079009,2.1899090115508355,0.859280182341453,1.371647278895228,1.832545614705304,2.5068196384467423,3.6162037288225446,2.7569235464810915,-0.00952979713,0.1580213579414748,-0.488111508,0.381271261,0.1583084539720058,-2.4431999999992294e-06,0.0903978966745137,-0.225867253,0.173332885,0.0903978967075301,-0.01253830514,0.0861148060100827,-0.197156604,0.182954,0.087022806837851,0.1811975625976089,0.0892959044233022,0.0450973271789731,0.5031380209542073,0.2020057307060616,0.0105213190621111,1.21972076763704,-4.507928292285468,2.7946509804673667,1.2197661452753543,-1.8285018934827348,2.24736974143094,4.075871634913675,3,0.03,2.8987118178689344,479.57014788715566,4.08063152380899,148.7829449159897,NORMAL,22.csv,3.09,4.09,NORMAL,ANOMALY,0.5474033677122964,ANOMALY_RECORDING_SAFE_REGION
-0.2264393957704305,1.1857758038142985,-2.6366188526153564,2.9475343227386475,1.2072029890902036,-1.989290362596512,-1.0191797502338886,-0.2839805781841278,0.4823853932321071,1.7711035072803496,3.7603938698768617,-0.1619642829895019,1.1096673830422326,-3.9725399017333984,2.1237101554870605,1.1214250442861085,-1.9648890018463132,-0.8471329212188721,-0.1617584228515625,0.6031478643417358,1.7254241943359372,3.6903131961822506,0.0581783294677734,1.216068180739074,-4.00714111328125,2.492823839187622,1.2174590499173683,-1.8582960814237588,-0.8120745718479156,0.2248232662677764,0.9173823967576028,1.776425203680992,3.634721285104751,1.9015242274154969,0.762460056395103,0.6146970432373979,4.550881711296251,2.0486921987077817,0.730153051017558,1.392988742738214,1.8190090831826324,2.3080540275867056,3.2019413001073227,2.471788249089765,-0.0007397573743219,0.2097334954880313,-0.4710378348827362,0.5052462577819824,0.2097348000943117,0.0159603696570266,0.0968376207388273,-0.2281885385513305,0.272354057431221,0.0981440685418426,-0.0041334166068118,0.0756084702835873,-0.1933081597089767,0.2122755125164985,0.0757213702429477,0.2145905393186197,0.1153497763628534,0.0415441722306324,0.5253252323867373,0.2436281397376264,-0.0011383698792057,1.0461776225070123,-2.512234968538222,3.837955730108818,1.046178241850024,-1.752871368613422,1.575666456844253,3.3285378254576754,2,0.02,2.6493574838807543,419.71397250461246,5.935467047201642,109.44889137204072,NORMAL,95.csv,5.59,6.59,NORMAL,ANOMALY,0.5183345144526049,ANOMALY_RECORDING_SAFE_REGION
-0.0346726091999999,0.8772390649359268,-2.077111125,2.62192297,0.8779240097402481,-1.56790336965,-0.63958980125,0.053729445,0.4619312064999999,1.45807727275,3.0259806424,-0.02856065271,0.5315849794477696,-1.212444782,1.761717796,0.5323516706630186,-0.84497506625,-0.38993632825,-0.12262702,0.34985339675,0.7820607182499999,1.6270357845,-0.20836541975,0.7351012005374411,-2.006458521,1.658152103,0.764061465576678,-1.31690383975,-0.7550079675,-0.200178057,0.298762351,0.9729547825499998,2.2898586223,1.1650896427373127,0.5296271478139354,0.1809995456749891,2.6605130269460977,1.279819827677038,0.3861527747408835,0.8180029970026559,1.0357054849619765,1.5046113933685596,2.1689887156762344,1.782835940935351,0.0099986345599999,0.1074083993400861,-0.232128616,0.297491148,0.1078727812836206,-0.05741884576,0.0438762508426458,-0.186008323,0.07006619,0.0722637477329916,-0.03452088781,0.1252112334161257,-0.654541597,0.151738811,0.1298828112907098,0.1518154645312709,0.1033450316958384,0.0306974744728996,0.6559031000403446,0.183652200768353,-0.0044757663667848,0.645996325735094,-1.7998058393968708,1.9675786899183612,0.6460118306562286,-0.9383540159011272,1.03917530719601,1.9775293230971376,4,0.04,1.495423384208785,163.7938791315283,3.3728130847059443,41.73312853478118,NORMAL,77.csv,0.59,1.59,NORMAL,ANOMALY,0.7792134261805099,ANOMALY_RECORDING_SAFE_REGION
-0.4946645583212375,0.9926144450427418,-3.532568335533142,2.0747856497764587,1.1090430387350416,-1.990293961763382,-1.0498427152633667,-0.5387139394879341,0.0168309267610311,0.9840751782059663,2.9743691399693484,-0.3335263323783874,1.0333275299041356,-3.561741352081299,2.4433279037475586,1.085820242235132,-1.8687530159950252,-0.987269639968872,-0.2039170265197753,0.4019904136657714,1.079901337623596,2.9486543536186214,0.0231100091338157,1.0260063598539435,-2.251338243484497,3.337652921676636,1.0262665944981866,-1.6067779928445816,-0.6824770122766495,0.0652323961257934,0.7732103168964386,1.4362921759486194,3.043070168793201,1.6562634549834483,0.8479366432012542,0.1701235971100164,4.373948381463608,1.8607001862732,0.6132175088931601,1.0612908539725674,1.4776174283054762,2.091442660020848,3.222725871468662,2.609508362575502,-0.0252070297709578,0.1582237960872908,-0.4955640584230423,0.4415025115013122,0.1602191124621109,0.0866939293732575,0.0790034542039548,-0.0812450172379612,0.4581485763192177,0.1172918716976234,-0.0034568836880207,0.0791959282568384,-0.1791360944509506,0.2617555558681488,0.0792713384351166,0.1887551478331228,0.1004140748514324,0.0336769504226021,0.67502321830639,0.2138024608412473,-0.0041426556308757,0.8854508506779082,-3.1508162766415526,2.0407266691569355,0.8854605415047626,-1.3229354075692343,1.3024649512955289,2.625400358864763,5,0.05,2.7176849264801595,346.2205183197121,4.571149226177311,78.40403705619073,NORMAL,95.csv,199.59,200.59,NORMAL,ANOMALY,0.6708617490141499,ANOMALY_RECORDING_SAFE_REGION
0.4126350263699999,0.8611534778881996,-1.72236532,2.885800481,0.9549099315989504,-1.0215758797,-0.143527664,0.4227096065,0.9635763245,1.7757357541999998,2.7973116339,-0.0151740622399999,0.5946117512827874,-1.401579857,1.758232117,0.5948053353227817,-0.95503015475,-0.37377548225,-0.019011259,0.3795038465,0.94038918045,1.8954193352,0.67660866216,1.1011030584988082,-1.66617775,3.028404474,1.2923727121637063,-1.03913609325,-0.17268406625,0.614733875,1.361545414,2.5071771515,3.5463132447499994,1.5666781797545253,0.6938249581999637,0.3074518945919736,3.3436838255752948,1.7134391122943744,0.5723738388961017,1.0354382601835577,1.5020803057229066,2.0274599301908545,2.892298992371937,2.319925153475835,-0.00352224636,0.1476579491316121,-0.43463029,0.330416754,0.1476999531522413,-0.04637807544,0.0849660622890067,-0.379560831,0.19929464,0.096799574495024,0.00575159749,0.045961957910434,-0.113773564,0.113162699,0.0463204323020358,0.1596864843081684,0.0884943103342613,0.0378708335179294,0.5070626770486764,0.1825678400820897,-0.0032654551352506,0.7942752466333719,-2.351524957051456,1.702741466653337,0.7942819591377763,-1.1802365042702634,1.1515141394839823,2.331750643754246,5,0.05,1.7770056458207697,293.58735915401337,3.3331016232239485,63.08838306117442,NORMAL,48.csv,10.18,11.18,NORMAL,ANOMALY,0.5301764022449382,ANOMALY_RECORDING_SAFE_REGION
0.1033117055147886,0.9499367082005494,-1.779533624649048,2.2791428565979004,0.9555380987084032,-1.510915496945381,-0.6409796662628651,0.1519725248217582,0.8030338138341904,1.502233234047889,3.01314873099327,0.080431740283966,0.9153494772818812,-1.851783037185669,2.438093662261963,0.9188764500221565,-1.4019948244094849,-0.5173542499542236,-0.0714678764343261,0.6475447416305542,1.7217505455017086,3.1237453699111937,0.3272115623950958,1.1107682585530283,-2.687950134277344,3.7979249954223633,1.1579609366355874,-1.3537036269903182,-0.2977913916110992,0.2595457583665848,0.8577982112765312,2.0812090158462526,3.434912642836571,1.5853698302291677,0.7647633756016938,0.1596534794829752,3.899910069284614,1.7601876375155456,0.4906882699227834,1.0478488249504223,1.4328877863958294,2.106471224378276,2.854557028287576,2.363868758364793,-0.0105172587467386,0.1573658521154541,-0.3988336145877838,0.3892735838890075,0.1577169114063829,0.0597413537095708,0.0792164307675601,-0.1613599330186844,0.2446208000183105,0.0992183060055134,-0.0046838057687491,0.0570299930373666,-0.1436448514461517,0.1107192393392324,0.0572220074999247,0.1706600662099593,0.0941721632633885,0.018287086854456,0.4713526269142162,0.1949185843692026,0.0040250845772063,0.778492125893986,-1.85400718031039,1.866613934927185,0.7785025313926677,-1.3590216077812318,1.204697927053898,2.56371953483513,4,0.04,2.314540239055446,309.8260519262558,3.7993254532493994,60.60661913847915,NORMAL,95.csv,150.09,151.09,NORMAL,ANOMALY,0.5276951291129418,ANOMALY_RECORDING_SAFE_REGION
0.0173094975099999,0.5874320668605586,-1.189919412,1.416348457,0.5876870356576844,-0.9329739318,-0.4039192495,-0.0418986565,0.42790234075,0.94246309225,1.87543702405,0.03045461658,0.5702864765153494,-1.222455978,1.983877182,0.5710990710615164,-0.7874539141,-0.372022867,0.005408764,0.40025961425,0.9255381585,1.7129920726,0.60186984015,0.684964449656872,-1.021478057,2.632962465,0.9118243261593366,-0.49781838675,0.1861002855,0.611859798,1.12045145675,1.5433838350499998,2.0412022218,1.1223176539734918,0.4933121589853714,0.1544966082293848,2.8190077732161587,1.225950163189096,0.4729038255695942,0.7479691602197965,1.088113432204671,1.406060394734771,1.8932789201743607,1.4203750946047666,-0.0005219838899999,0.0789946801466539,-0.178525228,0.19776747,0.0789964047197945,0.02656833677,0.0562290291614821,-0.163253613,0.150608709,0.0621898724807097,-0.00298804994,0.0406821100354204,-0.098227057,0.108856103,0.0407916966964845,0.0996611415213642,0.0428909266378929,0.0123216517406806,0.2746020198700672,0.108498731408245,-0.0057139027599612,0.6919999161248285,-1.6885466663011452,1.809796833173674,0.6920235058157489,-1.067949210385894,1.184305249903658,2.252254460289552,3,0.03,1.6966901192426669,150.29538026233715,1.177197471719851,47.88965326015199,NORMAL,37 - Normal Road.csv,3.09,4.09,NORMAL,ANOMALY,0.5355923303400782,ORIGINAL_NORMAL
0.0317151154577732,0.3834839201755786,-0.6804020702838898,1.1001577973365784,0.3847931464848736,-0.5430773839354515,-0.2416028305888175,-0.009690336883068,0.2728784047067165,0.6908464558422565,1.233923839777708,-0.0443098545074462,0.2969716283976105,-0.6612334251403809,1.0113110542297363,0.3002590736007814,-0.5058318376541138,-0.2832043170928954,0.0015170574188232,0.1612845659255981,0.3943910837173461,0.9002229213714599,-0.3151413080096245,0.3878480720524516,-1.2775245904922483,0.7442114949226379,0.4997401034626106,-0.8435227513313294,-0.6033242046833038,-0.3554489910602569,-0.0687441304326056,0.3858102738857268,1.2293330252170562,0.6451913154438184,0.2677491631098495,0.1600205382109487,1.5305768803615845,0.6985423737112514,0.2935058661176785,0.4258961068631126,0.6223224094439614,0.7945866387957481,1.1247742004847872,0.8312683343671086,-0.0007192932525795,0.0434160791345088,-0.1052214559167623,0.0987768337130546,0.0434220371493224,0.0025024075499386,0.0361177619673912,-0.113009984139353,0.0919351494521834,0.0362043474334108,-0.0045619381403012,0.0217399210804273,-0.0605672419071197,0.0612391931936144,0.0222134069466875,0.0550143818804232,0.0257503653910069,0.0077296727469412,0.1330038828577688,0.0607426006313148,-0.0025173352448253,0.3586245192671022,-1.1130413595194302,0.8876973597414163,0.3586333542718734,-0.532308737836839,0.5355228443843765,1.0678315822212154,5,0.05,0.8853855649177661,48.79614478701497,0.3689663531455405,12.8617882796295,NORMAL,95.csv,178.09,179.09,NORMAL,ANOMALY,0.7295084661244454,ANOMALY_RECORDING_SAFE_REGION
-0.0458756197243928,0.8332931197969905,-3.1206483840942383,1.8948917984962463,0.834554968822365,-1.3182097494602203,-0.5383534617722034,-0.0771429315209388,0.615602683275938,1.3263478070497512,2.6445575565099717,-0.0496951627731323,0.4289973443394389,-0.9809107780456544,0.9145760536193848,0.4318661026907984,-0.750812315940857,-0.3958438634872436,-0.0331244468688964,0.2866662740707397,0.6449009895324707,1.3957133054733275,-0.1195084917545318,0.5438246364302446,-1.1441600322723389,1.2287148237228394,0.5568011447455282,-1.014206472039223,-0.5458242148160934,-0.1078647077083587,0.241914078593254,0.7529922187328337,1.7671986907720567,0.984981829600462,0.4720472823630013,0.1204864583895611,3.198176558094544,1.0922535609598023,0.3382740560774816,0.645771724428859,0.9566373400330346,1.238969122200222,1.6937758931686624,1.3555018370911809,-0.0025378378006716,0.0746073892902662,-0.1566868163645267,0.221316310763359,0.074650540235231,-0.003011258022947,0.0607672825031355,-0.1569922491908073,0.1403461806476116,0.0608418465999894,0.0098847084458247,0.0591383873769995,-0.1412930212914943,0.1342069938778877,0.0599587885352182,0.1023200462510522,0.0489907941648433,0.0193449893963151,0.2511979700368153,0.1134437736401585,-0.0142114440861833,0.6522483548647664,-2.2933230785149825,1.2276352346824866,0.6524031587651985,-1.0777721762925034,1.0361063463474884,2.113878522639992,3,0.03,2.2131947284940816,119.30178414293688,1.2869489777719518,42.56298815668089,NORMAL,102.csv,216.55,217.55,NORMAL,ANOMALY,0.5282965534642861,ANOMALY_RECORDING_SAFE_REGION
0.1651566037908196,1.1990295848116097,-3.691395282745361,2.517564058303833,1.2103506306146246,-1.7506333619356156,-0.5064643453806639,0.0909769237041473,1.0902725085616112,2.046731799840927,3.7973651617765434,-0.0300060701370239,0.5073831277131203,-1.3189678192138672,1.052222728729248,0.5082696159844857,-0.8671938896179199,-0.3603739738464355,-0.0345559120178222,0.346380352973938,0.7332565069198604,1.6004503965377803,-0.3504027180373669,0.9989837545271568,-3.3197308778762817,2.209425926208496,1.0586550933222534,-1.791150414943695,-1.0510587766766548,-0.3682530224323272,0.2747435346245765,1.5008948624134062,3.292045277357101,1.5221697368966616,0.725972830245962,0.3555884254400441,4.126585744054222,1.686427365224896,0.500919560894455,0.982358879853764,1.440152142463562,1.9085533654109377,2.9618759698936006,2.4609564089991456,-0.0006374374853476,0.1311768323162899,-0.387715870141983,0.2373209685087204,0.1311783810811971,-0.0741055334511547,0.0806706758931242,-0.3183521777391433,0.1248913075774908,0.1095417182498691,0.081167435909534,0.0834485336868878,-0.1701258420944214,0.2973078846931457,0.1164122434566913,0.1890978407692957,0.08367181570414,0.0324087945098202,0.4109809300253294,0.2067824125181768,0.0043905173365078,0.907325831520676,-2.840991835692385,2.826351588905132,0.9073364542368882,-1.2600041306886642,1.4735315438358136,2.733535674524478,5,0.05,2.6044160071575604,284.4037258179385,4.275896612683747,82.32594411871688,NORMAL,102.csv,197.55,198.55,NORMAL,ANOMALY,0.6887777777777777,ANOMALY_RECORDING_SAFE_REGION
-0.02862129187,0.594964464404936,-1.300312698,2.066464067,0.5956524928622058,-1.00194607555,-0.41981040675,-0.0228019805,0.24960637625,0.9391001385999996,1.94104621415,0.09868159771,0.6394507535149256,-1.287489414,2.510318756,0.6470203427230125,-0.7358597635,-0.313676715,0.026821375,0.37360906625,1.259252047649999,1.9951118111499992,0.02161220431,0.6399451179436696,-1.746111631,2.144979835,0.6403099572512317,-1.1335570185,-0.304118261,-0.0099351555,0.339769341,0.9383331476999998,2.0718901662,0.9132880317020996,0.5910490915779703,0.1250714332008689,2.953307141795418,1.0878575538669752,0.2847965854949366,0.518635422301699,0.7727624116826767,1.1173994159785376,2.3527966838146903,2.0680000983197537,0.01466197621,0.0771929138267887,-0.163375786,0.218781221,0.0785730201242936,-0.0024901901199999,0.051389400224622,-0.170828333,0.143033989,0.0514496987579142,0.01134131548,0.0449135288104568,-0.168507046,0.122631103,0.0463233257336368,0.0894373809392675,0.0544756495278555,0.0146223660914547,0.2780417620845903,0.1047217336600068,0.0143651115711436,0.5342207273342218,-1.2417790801847897,1.857816615369544,0.534413830232673,-0.8598082061851651,0.8745358877281639,1.734344093913329,7,0.07,2.0400191100933185,118.3434057505439,1.09666415007574,28.559814194395624,NORMAL,83.csv,18.1,19.1,NORMAL,ANOMALY,0.5597949835568458,ANOMALY_RECORDING_SAFE_REGION
0.1526865296065807,1.0652513833567023,-2.188669919967652,2.47571325302124,1.0761383210659627,-1.8244496315717695,-0.5516773462295532,0.2937008291482925,0.7814356535673141,1.97210125029087,3.79655088186264,0.0349686479568481,0.8317083402188273,-2.110243320465088,3.3268046379089355,0.8324431329102826,-1.2801988601684569,-0.4482005834579467,0.0311284065246581,0.5416156053543091,1.195892882347107,2.476091742515564,-0.7236368715763092,1.3632342163851656,-3.6895980834960938,1.994219601154328,1.5433916711671165,-3.024099749326706,-1.6946571171283722,-0.6561118960380554,0.3195601478219032,1.5587490200996394,4.582848769426345,1.8636825743722076,0.871653812132754,0.4147196709517087,4.407643724777157,2.0574482025616536,0.573566273987491,1.2037353331971654,1.77927652855659,2.4885567385895864,3.279101478370953,2.705535204383462,0.012392613933538,0.1844223817197373,-0.4363407075405121,0.4680751413106918,0.1848382854261698,-0.0014346159946289,0.0650011410127197,-0.1468213498592376,0.1637423038482666,0.065016970523145,-0.0058224578321969,0.0828719316460986,-0.2115730166435241,0.1302669122815132,0.0830762184380305,0.1875123476332437,0.1006636765190238,0.0521679507828943,0.4696727461131628,0.212824003075915,-0.0023827136857573,0.9515161330165972,-2.0715302796812023,1.9029665845861925,0.9515191163163076,-1.7031491727411985,1.6720220664257162,3.375171239166914,4,0.04,2.5439611504049493,423.309310622418,4.529405628525709,90.5388628715367,NORMAL,95.csv,156.59,157.59,NORMAL,ANOMALY,0.7026190476190476,ANOMALY_RECORDING_SAFE_REGION
0.09168728016,0.6452264383899626,-1.684063077,1.416348457,0.651708304489466,-1.06817623935,-0.31512118475,0.1050748825,0.5205985867499999,1.16670211875,2.2348783581,0.04151806116,0.5384351574765772,-1.881661415,1.606007576,0.5400334880443175,-0.689549518,-0.293760419,0.0272307395,0.387404323,0.89134159125,1.58089110925,0.2920349964399999,0.7139063129201783,-1.730924964,2.632962465,0.7713278568630815,-0.8723088565499999,-0.2467824445,0.2765206395,0.7732378747499999,1.3523500352,2.22465889175,1.0324831060322042,0.4952627392414384,0.1897306209192735,2.8190077732161587,1.1451229388685045,0.4548591014124274,0.6526576264582178,0.9283171478304774,1.2763409996283936,1.8925028360564105,1.437643734643983,0.0039828385099999,0.0765675610197149,-0.16407828,0.19776747,0.0766710793135489,0.02083598426,0.0559845284214562,-0.163253613,0.154396077,0.0597361336433469,-0.0032693496999999,0.0407722238760124,-0.099448789,0.14874557,0.040903091414422,0.0949474606524672,0.0458792182656272,0.0123216517406806,0.2746020198700672,0.1054510452912482,-0.0050771528603093,0.6983726905806452,-1.9241481501183524,1.809796833173674,0.6983911457271037,-1.4097958587950177,1.09116161329483,2.500957472089848,4,0.04,1.7865246671839543,131.13065451228408,1.111992295301689,48.77501924300167,NORMAL,37 - Normal Road.csv,3.59,4.59,NORMAL,ANOMALY,0.5649706812851105,ORIGINAL_NORMAL
0.5006781963781378,1.0184669198836207,-2.0830540657043457,2.9009426832199097,1.1348804004060051,-1.0701339155435563,-0.1096522212028503,0.4396257698535919,1.0025152266025543,2.395155549049378,3.465289464592934,-0.1951082602314565,0.9099709611164912,-2.311001300811768,1.7182631492614746,0.9306526652225398,-1.5548507690429687,-0.9289400577545166,-0.1844053268432617,0.5219032764434814,1.3348659992218022,2.889716768264771,-0.5113639581263408,1.316967624496374,-3.555614948272705,3.076505661010742,1.4127621249319575,-2.7570046544075013,-1.340577811002731,-0.6037889868021011,0.4160748645663261,1.4477671653032302,4.204771819710731,1.8609679178027736,0.8287117333926077,0.2568141233675722,3.5790123395652773,2.037146221593769,0.510836793082061,1.2908181643399514,1.7772131578367871,2.3917385753037643,3.3372873582071563,2.8264505651250955,-0.0574146190201917,0.1526487966594504,-0.4844768643379211,0.2694524586200714,0.1630892197504543,-0.0158045463642254,0.0520388538143183,-0.1484095975756645,0.1592219039797782,0.054385898834964,-0.0417701613044582,0.0528839357452217,-0.1876882016658783,0.0445625849068164,0.0673903333966022,0.1560358294974018,0.0987430835008806,0.0237438281355177,0.505249524982488,0.1846547498067789,-0.0071354784942036,0.7417415308872916,-1.8932589868475176,1.9380447495152215,0.7417758513839368,-1.3180181655225396,0.9726988061354396,2.290716971657979,1,0.0114942528735632,1.7180444217625035,361.04693134937816,2.96647176647976,47.87013299158368,NORMAL,95.csv,96.59,97.59,NORMAL,ANOMALY,0.7378213533438652,ANOMALY_RECORDING_SAFE_REGION
-0.2182050390541553,1.510119546689324,-3.0294259786605835,3.105560541152954,1.5258028982675955,-2.658829113841058,-1.1644927635788918,-0.3329543322324753,0.7343991976231337,2.4790050387382503,5.137834152579308,-0.0215431809425354,1.4994151170889978,-3.234993696212769,2.942700386047364,1.4995698723301076,-2.485970616340637,-1.1679986715316777,0.0887165069580078,1.0028486251831057,2.4444620847702034,4.93043270111084,0.076558957695961,1.414231312754043,-3.210759401321411,3.3232414722442627,1.4163020440490492,-2.2402189284563065,-0.8202050924301147,0.0728849172592163,0.9578828290104866,2.5789069145917893,4.819125843048096,2.385488009162541,0.9445330722008548,0.2555956883636302,4.46730526830523,2.565676473435309,0.7813347752146363,1.781099820517,2.381060402282225,3.0968484158359635,3.855263966519479,3.0739291913048428,0.0057106691700901,0.3408546144589933,-0.7427505016326904,0.6522508561611176,0.3409024493023763,-5.4061388946151385e-05,0.1449629326552254,-0.4014908745884895,0.371436333656311,0.1449629427358494,-0.0079158912433194,0.1173609920453434,-0.2364046704024076,0.2802342213690281,0.1176276489097832,0.3552619225230015,0.15765140310286,0.0699136657948878,0.7578809360156998,0.3886708099343706,-0.0176893746099832,1.1461687406170915,-2.8308519896330333,2.90906900098637,1.1463052368116715,-1.9421607727905168,1.6077231567944603,3.549883929584978,2,0.02,2.1298923207989104,658.2695766339443,15.106499849503964,131.40156959418624,NORMAL,91.csv,70.59,71.59,NORMAL,ANOMALY,0.7497108873433421,ANOMALY_RECORDING_SAFE_REGION
-0.0293750052293762,0.7833673188301876,-1.8449211120605469,2.205229878425598,0.7839178829082946,-1.3293165534734726,-0.5787404626607895,-0.0069663375616073,0.3141234517097472,1.5347144335508345,2.8640309870243077,-0.0055668854713439,0.6555727324026731,-1.6109471321105957,2.114126205444336,0.6555963679610787,-1.0360513210296631,-0.3971517086029053,-0.0943460464477538,0.51515793800354,0.9513836383819576,1.9874349594116207,-0.0093167388439178,0.8149484614700169,-2.0175116062164307,2.080799520015717,0.8150017156270489,-1.1976547837257383,-0.6338743269443512,-0.063726782798767,0.4782648906111716,1.571424277126789,2.7690790608525275,1.180563085503539,0.5610993160293263,0.2020697182251328,2.6099582211309533,1.307119597168604,0.4038780526083988,0.8001125804857201,1.0690698462652843,1.4743347030975555,2.2766755273904606,1.872797474782062,0.0007770202160463,0.1613550991750414,-0.503963440656662,0.4415025264024734,0.1613569700701013,0.0088697565823749,0.1357226293964209,-0.4191448748111724,0.3042106628417969,0.1360121491342182,0.0219312669180508,0.2324485041325192,-0.5832842469215394,0.7999579548835755,0.2334808076525276,0.2740846358481957,0.1546812090602829,0.0508538050347293,0.8344250652413034,0.3147199771930422,-0.0111136089794635,0.6613561515705221,-1.694697168347126,1.7748583769006898,0.6614495230361269,-1.0103000791083987,1.3515398047147509,2.3618398838231496,5,0.05,1.4293951356274144,170.85616413022137,9.904866404438902,43.75154715247198,NORMAL,95.csv,0.09,1.09,NORMAL,ANOMALY,0.6831041026992591,ANOMALY_RECORDING_SAFE_REGION
0.3108004911243915,1.177900319902039,-2.0830540657043457,2.9009426832199097,1.2182143115677508,-1.5409752994775774,-0.5532461330294609,0.1805738657712936,1.144414521753788,2.5964594185352325,4.13743471801281,-0.0799034714698791,0.9681491694895216,-2.0031471252441406,1.7182631492614746,0.9714408778387846,-1.5824660778045654,-0.8383501768112183,-0.0996510982513427,0.7073109149932861,1.4040232896804807,2.986489367485046,-0.0482933249883353,1.1092973900256755,-2.309954166412353,3.076505661010742,1.110348118725026,-1.9013922005891803,-0.8957519680261612,0.034660167992115,0.7287183254957199,1.479683068394661,3.381075268983841,1.7562078537011454,0.7591774544856416,0.2568141233675722,3.480709006726562,1.9132737474812327,0.643565182453025,1.1945468496966645,1.730600159772954,2.204905683184964,3.2426991537472567,2.599133971294232,-0.0736476903715519,0.1523938283479226,-0.4844768643379211,0.270307669043541,0.1692567907518043,0.0040921831535815,0.0535773211108388,-0.1300836533308029,0.1592219039797782,0.0537333723153162,-0.0007202094935346,0.0915672588323936,-0.1876882016658783,0.2158490687608719,0.0915700911422127,0.1766781810484332,0.0933007955442325,0.0267741586745386,0.505249524982488,0.199800445714642,-0.0015341726961084,0.7357393026414193,-1.8720595121729064,1.8131655112811176,0.7357409021776236,-1.2629990151601476,0.9755391202162226,2.2385381353763703,5,0.05,1.7245011530254166,366.06164328008816,3.992021810776964,54.13146751371435,NORMAL,95.csv,97.09,98.09,NORMAL,ANOMALY,0.7456604293065818,ANOMALY_RECORDING_SAFE_REGION
0.6722994785010815,1.0586482211423456,-2.408942461013794,3.8587626218795776,1.2540823915998016,-0.7431582488119602,-0.1243138741701841,0.7040228322148323,1.278639242053032,2.6914689660072324,3.4346272148191925,0.0490046644210815,1.1281024694227413,-2.3706154823303223,3.3052940368652344,1.1291663467588422,-1.7397767066955567,-0.7664071321487427,-0.0462610721588134,0.8403602838516235,1.641474723815917,3.381251430511474,0.0971143355965614,1.3644840110780043,-3.9816465377807617,3.5129082202911377,1.36793560179779,-2.174254041910172,-0.6893219351768494,0.164206251502037,0.8140633702278137,2.2356263935565925,4.409880435466764,1.964664552775398,0.9268658421298724,0.2723884095640939,5.555518719671446,2.172322971898808,0.7698339875262591,1.3229770460986834,1.7985196492941076,2.493052495621888,3.5711619951563547,2.8013280076300955,0.0031865761006483,0.2328392166986233,-0.54092076420784,0.5795579552650452,0.2328610209976623,-0.0500313528598562,0.1085486790451171,-0.3360672563314438,0.2719875421375036,0.1195238553236436,-0.0067448633875828,0.0765152276795109,-0.17876957654953,0.1864053875207901,0.0768119342873525,0.2411042102481481,0.1275893418004904,0.0316063521504397,0.6091326968388698,0.2727824780671691,-0.0176035186383591,1.1913036269854576,-3.744792977987156,3.0653127365303035,1.191433680712929,-1.848944909904221,1.905322100148739,3.75426701005296,3,0.03,3.5908541668960483,471.8987094239269,7.441028034046559,141.95142155371576,NORMAL,95.csv,209.09,210.09,NORMAL,ANOMALY,0.5785558608058607,ANOMALY_RECORDING_SAFE_REGION
-0.029574509859085,0.7618985100154376,-1.91742080450058,2.077023267745972,0.7624722888060582,-1.2005782708525656,-0.5327047817409039,-0.0615878850221633,0.4563698954880237,1.1793150216341015,2.379893292486667,0.1130728340148925,0.6406262675411877,-1.8408637046813965,1.6610078811645508,0.6505286161698907,-0.9281880140304564,-0.3112450838088989,0.1695852279663085,0.5550676584243774,1.0531165122985835,1.98130452632904,0.2594029349088669,0.6771746796430149,-1.4520429372787476,1.794549286365509,0.7251588994068497,-0.9074464589357376,-0.212513580918312,0.3045408427715301,0.7332448959350586,1.4254711270332336,2.3329175859689717,1.1572080120270778,0.4373517096598043,0.2883967231672278,2.2411102334737487,1.237096156748543,0.4711642790362561,0.8396657866327224,1.149103261157422,1.450391884503324,1.9210263993012973,1.4498621202650417,0.0078544993068644,0.1155633285941137,-0.2629772871732712,0.3266599401831627,0.1158299446391676,0.0285240256277975,0.0591383458225539,-0.1201876431703567,0.1502727344632148,0.0656579316202028,-0.0200409462587922,0.0449800109118476,-0.1446833238005638,0.0798705697059631,0.0492426736538312,0.126853773173042,0.0637220621142788,0.0222823756127829,0.3440737211055097,0.141959082021312,0.0092253689006008,0.5331911756267579,-1.3263984961548696,1.1357339489484592,0.5332709791443712,-0.8232016694521989,0.8509342720855778,1.6741359415377768,3,0.03,1.083902221446671,153.0406901042016,2.01523809683336,28.437793719759632,NORMAL,95.csv,203.59,204.59,NORMAL,ANOMALY,0.5269552035724738,ANOMALY_RECORDING_SAFE_REGION
0.368361768910891,0.72326821324356,-1.055130303,2.165745139,0.8116694530926322,-0.784083158,-0.182266921,0.339936592,0.81950587,1.647948086,2.432031244,0.1281713731287128,0.3281824095913534,-0.679193497,1.130397797,0.352323139823212,-0.385628223,-0.083524704,0.109581947,0.366765976,0.65615654,1.041784763,1.0903016889504948,0.7302209514950041,-0.798335612,2.502565384,1.312242512240238,-0.311090112,0.672037572,1.166259646,1.643292636,2.27615869,2.587248802,1.4918079832702602,0.5286097312008831,0.2868528892690141,2.503938771090666,1.582693686999841,0.6654455761412357,1.114047713376031,1.489792197994895,1.8371210874085293,2.400886290898925,1.7354407147576891,-0.0056901117920792,0.0859437949248452,-0.264321196,0.220949787,0.086131952597687,-0.0440832643168316,0.055413548116104,-0.165635987,0.09117157,0.0708095721470157,-0.0026312611980198,0.0412478974001834,-0.102808544,0.085093465,0.0413317381128385,0.1061251673444083,0.0536513764733322,0.0027061374055818,0.273582388024786,0.1189160264277355,0.0113047365247598,0.652255434642477,-1.5850656337028537,1.901229970463072,0.6523533927930021,-0.8866890754806231,1.1569476275715858,2.0436367030522087,0,0.0,1.204955094001246,252.9968499937842,1.4282431554775523,42.98205985794263,NORMAL,57.csv,7.53,8.530000000000001,NORMAL,ANOMALY,0.601968253968254,ANOMALY_RECORDING_SAFE_REGION
0.13163823761,1.1568160980195716,-2.859815121,3.515308738,1.164281800183398,-1.4064819154,-0.59433041525,0.060262125,0.91347805375,1.9051944434999992,3.3116763589,-0.0061138009799999,0.7508104930853469,-1.759077072,3.189713478,0.7508353848144643,-1.00550463165,-0.5493777992500001,0.0209436415,0.3876543045,1.0636677029499997,2.0691723346,0.0110309605299999,0.6939650426916198,-1.965698123,1.418224216,0.6940527087824065,-1.193015394,-0.33717395375,0.0848940985,0.40678136775,1.0681183368999998,2.2611337309,1.3880035395909505,0.6888114560450974,0.1389921399383311,3.623383076275373,1.549520909150946,0.5892169804348257,0.9524929026702031,1.2107684405063508,1.6219106212255707,2.9191127727439,2.329895792309074,0.0008237509299999,0.0975337921203914,-0.199172461,0.239428452,0.0975372706762825,-0.01180801323,0.079642465004884,-0.26493206,0.187230057,0.080513051168702,0.01871811887,0.1364541498258709,-0.296116695,0.539240897,0.137731996931478,0.1566906873009776,0.1020490179832827,0.0277728764588763,0.5433639980871021,0.1869919077345463,-0.0062486344374492,0.8962188875017236,-2.594677479748702,2.303825235073551,0.8962406706611568,-1.47832620520957,1.4872847303951016,2.965610935604672,6,0.06,2.2353795366844227,240.10150478959747,3.496597355820511,80.324733974716,NORMAL,22.csv,1.09,2.09,NORMAL,ANOMALY,0.5721435303826607,ANOMALY_RECORDING_SAFE_REGION
0.6503976872563362,1.221552397142974,-1.9360094666481016,3.915337204933168,1.383910188760144,-1.175893096625805,-0.2116789817810058,0.5175201818346977,1.6126983016729357,2.711117988824843,3.887011085450648,0.1960631585121154,0.8899189921194598,-2.4183599948883057,1.8500990867614744,0.9112609805432592,-1.2579155445098875,-0.322844386100769,0.2778878211975097,0.8232003450393677,1.5037569522857666,2.7616724967956543,0.1161570453643798,1.085082181538251,-2.655241012573242,2.859849214553833,1.0912817234241543,-1.6707399606704711,-0.4960394948720932,0.0831861793994903,0.7064704820513725,2.066681066155433,3.737421026825905,1.785616905685912,0.8649115857838077,0.242342988964818,3.940139493293866,1.9840614368245737,0.6163270928562322,1.1113552532184086,1.743593893481795,2.3307883372054814,3.587950972429386,2.971623879573154,0.0394853828207123,0.1959716930487272,-0.5246717691421509,0.5071704834699631,0.1999099795730137,-0.2062303931398783,0.0807343864005491,-0.4520093977451324,0.0491746156476438,0.2214701248523193,0.0089690222315548,0.0828079000004207,-0.1448665790259838,0.2122755125164985,0.0832922064917829,0.2935518713305613,0.0988832980618065,0.1233666155567486,0.5959182021371818,0.3097589511172429,0.0093557383122792,0.8891355004893103,-2.794486191991012,2.293097804407921,0.8891847210055649,-1.5927305499151705,1.4641303143572966,3.056860864272467,6,0.06,2.1545225876079543,393.6499785094392,9.595060779725449,79.06494680697443,NORMAL,95.csv,162.09,163.09,NORMAL,ANOMALY,0.7551666666666667,ANOMALY_RECORDING_SAFE_REGION
-0.2014598883036524,0.7848033368772294,-2.4034578800201416,1.527642548084259,0.8102483348757676,-1.5160231024026871,-0.7902657240629196,-0.1353307422250509,0.3193775154650211,0.9594121396541592,2.4754352420568466,-0.0844552898406982,0.4853491886569444,-1.2749176025390625,1.1912660598754885,0.4926423965840034,-0.7785803079605103,-0.4628881216049194,-0.1250214576721191,0.215662121772766,0.6926860570907593,1.4712663650512696,-0.4668321567028761,0.6277665302874237,-1.970953106880188,1.174392282962799,0.7823190391911535,-1.4116788923740389,-0.8851802088320255,-0.4931860119104385,0.0266878008842468,0.4341924376785753,1.845871330052614,1.1242952471775178,0.4971741861118677,0.2536716717144429,2.6081525695781065,1.229317686426887,0.363536527977834,0.7473578684691959,1.0891708499983,1.423888377578685,1.9704483437643527,1.6069118157865188,0.0213384227617352,0.1386630023268336,-0.3375027924776077,0.3197877034544945,0.140295247603937,-0.0266990667708669,0.0717159138686653,-0.2950171411037445,0.1102305479347705,0.0765245873458526,0.0023252568180905,0.0783321277495071,-0.2674976915121078,0.1693928033113479,0.0783666322935673,0.1478459921384758,0.0991042917048902,0.0170248627868743,0.4595569526915717,0.177989039060663,-0.000640660119725,0.568018829131846,-1.0794007009790734,1.653570964984943,0.5680191904273149,-0.8495313416291569,0.8167852087587215,1.6663165503878783,4,0.04,1.4838573224005889,151.1221974161954,3.168009802573824,32.26458006937022,NORMAL,102.csv,132.55,133.55,NORMAL,ANOMALY,0.7654357856262484,ANOMALY_RECORDING_SAFE_REGION
-0.1665077932899999,0.7051283072116447,-1.893384337,1.701595545,0.7245210658479606,-1.31045590345,-0.59133008525,-0.213151548,0.30533330675,1.12431555275,2.4347714562,-0.0008381003099999,0.5112518659121719,-1.320654869,1.415160179,0.5112525528648312,-0.9218038796,-0.3310219052499999,-0.0206668375,0.3109425305,0.7789366004499997,1.7007404800499997,-0.23349810967,0.7198936547403407,-1.592366695,1.929619908,0.7568145356392597,-1.3046289705,-0.8085416590000001,-0.2718782315,0.26529231825,0.8804783951499999,2.18510736565,1.0591823559327331,0.4870430431737275,0.125558922227451,2.443150449775696,1.1657950887798163,0.395627144976723,0.7202728023087062,0.9823112943599512,1.3386791785071503,2.0405199222494432,1.6448927772727202,0.00434966136,0.0854623788802101,-0.168140531,0.227394413,0.0855729966625644,0.0137386497699999,0.0545585470832625,-0.102533652,0.14172063,0.056261759280521,0.00625341451,0.0394001281531305,-0.097585647,0.091476999,0.0398932988297156,0.1013690174563574,0.0424725900623007,0.0226627952443589,0.2339641002265075,0.1099072272722205,0.0017879074471168,0.6731669728798518,-1.5861248648776425,1.6663137826986925,0.6731693471848393,-1.0814831251444814,1.153805139783462,2.2352882649279437,6,0.06,1.3839680938429628,135.90781890231398,1.207959860666755,45.31569699892627,NORMAL,37 - Normal Road.csv,8.09,9.09,NORMAL,ANOMALY,0.5560359364090229,ORIGINAL_NORMAL
0.358998656924814,0.6260593382894312,-0.8721353709697723,1.9426923394203184,0.721685756221654,-0.713799849152565,-0.0765844723209738,0.3621123507618903,0.8409515172243118,1.2887691646814337,2.0025690138339987,0.0277696561813354,0.5407410909386444,-1.2863636016845703,1.3736615180969238,0.5414536741346807,-0.8631147623062134,-0.3328310251235962,-0.0017411708831786,0.3985013961791992,0.9836046934127808,1.846719455718994,0.3430894443392753,0.6217720880873888,-1.065072476863861,2.0963692665100098,0.7101485030200264,-0.6162178993225098,-0.081540897488594,0.3325448185205459,0.823506772518158,1.215632563829422,1.831850463151932,1.05908009319092,0.443466644197128,0.3504415357038929,2.304630703900798,1.1481782563298917,0.4544889819516116,0.7080092441650568,1.0331162514281498,1.3476004586909502,1.8036165983003527,1.3491276163487416,-0.0010390807376825,0.0832655321143553,-0.1673158645629882,0.2338084951043129,0.083272015269634,-0.0719565112216223,0.0485763440574377,-0.1773035041987896,0.0430354237556457,0.0868182049409801,0.014878833395458,0.0425840543717308,-0.1085201278328895,0.1073594857007265,0.0451085509625872,0.1198562153719826,0.0462698416129711,0.0226895366497823,0.2781553921605932,0.1284772766141332,0.0013432506238403,0.5558851776567455,-1.3307791825739614,1.6972076220972416,0.5558868005814762,-0.9751454195167548,0.8750506687384272,1.8501960882551816,5,0.05,1.2455506107098782,131.831330830875,1.6506410606184516,30.901013506070985,NORMAL,95.csv,187.59,188.59,NORMAL,ANOMALY,0.6701821890922998,ANOMALY_RECORDING_SAFE_REGION
-0.0184917192161083,1.0893327056655449,-2.188669919967652,2.47571325302124,1.0894896453441785,-1.808109325170517,-0.831131175160408,0.1090304255485534,0.745664969086647,1.6496528178453445,3.457762143015861,-0.1302491331100463,0.6990249437167063,-2.110243320465088,1.4810643196105957,0.7110560516682655,-1.4863769769668578,-0.5536823272705078,-0.0737757682800292,0.358415126800537,0.8594227313995361,2.345799708366394,-0.3374721163511276,1.1598224652974327,-3.0649222135543823,1.994219601154328,1.2079220092055294,-2.592241328954697,-1.1350397169589996,-0.1714453399181365,0.5804480761289597,1.5536512345075606,4.145892563462257,1.6297384293543935,0.7040004461183555,0.3582289436922328,3.1786520983589264,1.7752926452417277,0.641633805055182,1.1357766013063268,1.5111212529802909,2.0410192829644664,2.9358127365066067,2.294178931451425,0.0114405810095486,0.1606105464855234,-0.3428478538990021,0.3841728627681732,0.1610174976088453,-0.018008904482529,0.0660577119067656,-0.1783725172281265,0.1637423038482666,0.0684685471075449,-0.0171668274935509,0.0927539865924475,-0.2658788934350014,0.1329547181725502,0.094329221320783,0.1800565612308519,0.0842152790884076,0.0521679507828943,0.422481077210022,0.1987777112108344,0.0007464288881872,0.8393736709198024,-2.25269887273512,1.8780037936961835,0.8393740028077291,-1.448198702822523,1.476726949878978,2.924925652701501,5,0.05,1.5489136690045326,315.1663976249371,3.951257847421789,70.45487165894697,NORMAL,95.csv,157.09,158.09,NORMAL,ANOMALY,0.5822777777777777,ANOMALY_RECORDING_SAFE_REGION
-0.0545206774026155,0.7721254794375864,-2.285947322845459,2.321263313293457,0.7740479702584089,-1.220529694855213,-0.5248211994767189,-0.1188558004796505,0.3773787133395671,1.2220621138811103,2.4425918087363234,-0.1010570073127746,0.6412668905848673,-1.5190060138702393,1.4185733795166016,0.6491808251076109,-1.204770040512085,-0.5716356039047241,-0.1020147800445556,0.3297895193099975,0.8577948331832885,2.062564873695373,-0.8328791825473308,0.8882759567795333,-2.8231388330459595,1.1004982590675354,1.2176706895188474,-2.416951930522919,-1.387242704629898,-0.7652349174022675,-0.1670318916440009,0.4315145879983901,2.8484665185213087,1.4325978130077588,0.671544055313762,0.2260305143709705,3.382946708312195,1.582184537929083,0.5403118270677444,0.8947492269728162,1.3026731601874668,1.7989891524596051,2.70105295142781,2.1607411243600656,-0.0269644874943769,0.1125649815038408,-0.2698189675807952,0.3381136581301689,0.1157495513891714,0.0451334389290713,0.0604281014001957,-0.1777616497129202,0.1844811625778675,0.0754226938553414,-0.0134261970178922,0.0486240020398883,-0.1550680249929428,0.1112690195441246,0.050443595636496,0.131254714558198,0.0663573480646662,0.0082865104021766,0.3830381879766613,0.1470751431613422,-0.0129141265060568,0.8441190837914584,-1.8358066806202895,1.973023243736278,0.8442178642295752,-1.566951461272733,1.2644261038711908,2.8313775651439244,3,0.03,1.9503488953044363,250.33079120618663,2.163109773592932,71.27038022843456,NORMAL,95.csv,236.59,237.59,NORMAL,ANOMALY,0.7762222222222223,ANOMALY_RECORDING_SAFE_REGION
-0.40089368153,1.0497064033434582,-2.632099986,2.619400024,1.1236544295783004,-1.88468285525,-1.2103135285,-0.3878749085,0.2685790285,1.2655572086499998,3.1502400639,-0.13805405612,0.7221241785211693,-1.616994381,2.049263954,0.7352021841752495,-1.45934575765,-0.5327727795,-0.1334507465,0.35563015925,0.9681063171499996,2.4274520748,0.2241898696399999,1.1053603043551012,-4.09143734,2.5624336,1.1278663485064189,-1.6926655319,-0.37329620825,0.3660658,1.044650577,1.6537749473,3.3464404792,1.583398446657195,0.7536931656475176,0.3130275578050587,5.008307392927814,1.7536259660543907,0.5142784794771892,1.132937682565307,1.4686982668597148,1.9480828911809545,2.678968968537893,2.164690489060704,-0.02083721304,0.1530371289992723,-0.534323418,0.662177414,0.154449190025763,-0.0257894891499999,0.0908018212381297,-0.435241155,0.165238924,0.0943931591312593,-0.03609415978,0.0763469616765792,-0.278737599,0.104885481,0.0844490789024322,0.1661153752152576,0.1109141552506121,0.0257615699319435,0.7928010085274672,0.1997405009452582,0.0038786948536834,0.7419055878686609,-2.9863858367802303,3.3452628604113706,0.7419157267402486,-0.8441764112825544,1.0703672470515415,1.914543658334096,3,0.03,3.4249089462706186,307.52040288201954,3.989626771786273,55.04389455845113,NORMAL,57.csv,11.03,12.03,NORMAL,ANOMALY,0.7079487179487179,ANOMALY_RECORDING_SAFE_REGION
0.2017406837642192,1.1980787155366968,-2.8047198057174683,2.736770749092102,1.2149452300855854,-1.9020049721002577,-0.4397706165909766,0.1452812105417251,1.0195910185575483,2.165842747688293,4.067847719788551,-0.0497185277938842,0.5854085050909594,-1.6114046573638916,1.477372169494629,0.5875159996449655,-1.126702642440796,-0.3903806209564209,-0.0588674545288085,0.3851897716522216,0.7746076822280884,1.9013103246688845,-0.3067916180193424,0.8959172362168746,-2.9484012126922607,1.8542169332504272,0.9469893299490808,-1.7514405161142348,-0.8710148632526398,-0.3255519717931747,0.4122099131345748,1.181305328011513,2.932745844125748,1.5114272228418195,0.6585161372636316,0.3705232300749657,3.098799162102964,1.6486527084210147,0.5632907015677505,0.9977364453548628,1.4447124791406778,2.060315888619092,2.571878980400657,2.008588278832907,0.0084613934183726,0.1371172692339513,-0.2919933646917343,0.3101360440254211,0.1373780939624523,-0.0354179397975385,0.0890814350410467,-0.2604421973228454,0.1550680249929428,0.0958641357780598,0.0185058432201185,0.0974218595958347,-0.1944382578134536,0.2386648714542389,0.0991639297345468,0.1781744132555284,0.078422169382624,0.0198213633558252,0.4039850367534873,0.19466935606209,-0.0195497108120159,0.9453986172454816,-2.6386116730491,2.394849339464561,0.945600727940975,-1.4648962987823384,1.6155277077837191,3.0804240065660577,3,0.03,1.5873719392611445,271.8055752983948,3.789615818962881,89.41607366825019,NORMAL,102.csv,193.05,194.05,NORMAL,ANOMALY,0.64375,ANOMALY_RECORDING_SAFE_REGION
-0.00951636811,0.1946420594446414,-0.451336801,0.507923484,0.1948745559760338,-0.37915867145,-0.11671048425,-0.0116341374999999,0.11228418175,0.3114592068499999,0.6906178783,-0.00534150898,0.1131913998637422,-0.326219559,0.30769825,0.1133173628412566,-0.15063931935,-0.0833408834999999,-0.0156273845,0.0670554635,0.2093414310999999,0.35998075045,0.0086309257299999,0.2141073134701159,-0.555222273,0.48511529,0.2142812044028762,-0.33584650415,-0.11500856275,-0.0003843605,0.16396289275,0.33224610795,0.6680926120999999,0.2816477656048022,0.1319389554995907,0.0738167590357155,0.6842765962045322,0.3110198576433676,0.1021402629188441,0.1727573449672306,0.2575690067702507,0.3720201036557929,0.5149000004211942,0.41275973750235,-0.00039675903,0.0187337299313177,-0.040317076,0.045020735,0.0187379309121214,0.00655886384,0.0134375024140213,-0.026419902,0.035216355,0.0149527644935138,-0.00126449563,0.0180623276291522,-0.069333153,0.054519681,0.0181065355212179,0.0275481881769402,0.0119849563042566,0.00974559066727,0.0759510136798889,0.0300423342875857,3.952852532901285e-05,0.1598663473677007,-0.4228311665074103,0.3635457016827662,0.1598663522546088,-0.2840718572071494,0.2661653624111205,0.5502372196182699,2,0.02,0.4026288305997299,9.673335184850062,0.0902541849447051,2.555725058319468,NORMAL,15.csv,0.59,1.59,NORMAL,ANOMALY,0.7427777777777778,ANOMALY_RECORDING_SAFE_REGION
0.05042005247,0.8900003893689089,-4.055848241,3.029977322,0.8914274366250385,-1.29961586935,-0.32300269725,0.003673203,0.4501090599999999,1.304422113349999,2.604037982699998,-0.12363512991,0.8853602465879766,-3.36218667,1.627863884,0.8939510118491869,-1.89097799065,-0.47186255425,-0.0399947165,0.402749777,1.2100908043499996,3.101068795,-0.02301190224,0.972847664332887,-3.049815118,2.858398795,0.9731197899758576,-1.76392934885,-0.515200198,-0.056377709,0.6136332305000001,1.2874499496499987,3.051379298499999,1.2774343328035245,0.9533703044313598,0.1306065554245355,4.75209349576134,1.5939740938913436,0.2687441510426493,0.7108371867802047,0.986108453081139,1.4813298645182085,3.452499044247788,3.1837548932051383,-0.01024847858,0.140326383878817,-0.599655414,0.424856454,0.1407001255355155,-0.00841924678,0.0954964735174946,-0.328920147,0.235518911,0.0958668877695531,-0.0006411083999999,0.0437378263847804,-0.101556271,0.107848176,0.0437425248110547,0.1398635106729965,0.1064828265749941,0.0149803616837628,0.6245182815998561,0.1757850789264426,0.0037881089216513,0.8096305377742875,-2.2312321833104107,2.547590191551448,0.8096393996501677,-1.327926538007242,1.164995250657486,2.492921788664728,6,0.06,3.474659162957816,254.07534119967292,3.0900393973175686,65.5515957465884,NORMAL,83.csv,14.6,15.6,NORMAL,ANOMALY,0.7735590393769908,ANOMALY_RECORDING_SAFE_REGION
0.2913896375894546,1.5843854062682006,-3.0123445987701416,4.110430121421814,1.6109578009650547,-2.010895264148712,-0.9820069521665572,0.3234760761260986,1.4913831502199173,2.731653821468353,4.742549085617065,-0.0085256671905517,1.435716764221452,-3.4493210315704346,3.437631130218506,1.4357420778355563,-2.175836622714997,-1.050650954246521,-0.1066999435424804,0.7746052742004395,2.6420620918273925,4.817898714542389,0.0435239312052726,1.243139201973444,-3.335835695266724,3.103070974349976,1.243900883539654,-1.997402846813202,-0.7983749806880951,-0.0360177159309387,0.8357378393411636,1.9827635169029223,3.980166363716125,2.3073067809731147,0.938171187525999,0.5404062898065465,5.6373537416691,2.490748834914604,1.0281127195696662,1.5987886296900913,2.251023432840886,2.888151150384456,3.743326728589107,2.7152140090194408,0.003546375315811,0.2417862739465455,-0.5251604437828064,0.9382882714271544,0.241812280595578,-0.0369218890393676,0.0816186392796533,-0.3911672651767731,0.2066250145435333,0.0895814052585554,-0.0423451466521364,0.1139028208219208,-0.2932150959968567,0.2548833310604095,0.1215193977773983,0.2354877943386818,0.1606563723249606,0.0397162408381351,0.9820028683095632,0.2850701163768551,-0.029455172151167,0.8363174239559963,-2.142049087646029,2.116194886610459,0.8368359700555708,-1.4550173933152302,1.157756811073502,2.6127742043887325,2,0.02,3.330046960695985,620.3829758628456,8.126497125111369,70.02944407788482,NORMAL,95.csv,159.59,160.59,NORMAL,ANOMALY,0.8360424836601309,ANOMALY_RECORDING_SAFE_REGION
0.3561980836093426,0.9764370460694026,-2.3172248005867004,2.882949709892273,1.0393778810921988,-0.9726434022188188,-0.2817516177892685,0.137555181980133,0.967746526002884,2.309888118505478,3.2825315207242967,0.0843711304664611,0.9786401288248112,-2.3830108642578125,2.0969395637512207,0.9822703239956057,-1.6194100856781006,-0.4977388381958008,0.0875041484832763,0.7726292610168457,1.7440778493881224,3.363487935066223,0.1207338714599609,1.7727470751141785,-5.634621858596802,5.675661325454712,1.7768536405803337,-2.369345343112945,-0.8432912528514862,0.0820299685001373,0.9509958103299142,3.102776366472244,5.472121709585189,1.9045205473753888,1.255058450341925,0.3630859797212932,5.965019490045409,2.280870498110256,0.4990373570484566,0.9652468308994552,1.5891291587435588,2.486023698263655,4.418354652806255,3.919317295757799,-0.0008222240983741,0.1787225914242286,-0.4663952589035034,0.4393950343132019,0.1787244827600843,-0.1012661083993152,0.1023453338737714,-0.4437016367912292,0.1048549406230449,0.1439770539915149,0.0401469495150376,0.0750244145851721,-0.1261435765773058,0.1947742357850074,0.0850907770513983,0.210899044905593,0.1242331115727799,0.053937717386935,0.5836138175038201,0.2447698370983363,0.0306525135512406,1.2899533216034516,-3.551907895978363,4.590535630797072,1.2903174603572514,-2.1829835906626385,2.030896760814425,4.213880351477064,5,0.05,4.060498942670021,520.2370229149726,5.991227315314611,166.4919148502787,NORMAL,95.csv,160.59,161.59,NORMAL,ANOMALY,0.5295634920634921,ANOMALY_RECORDING_SAFE_REGION
0.3331182002900001,1.7743711665370936,-4.62353754,4.370399237,1.8053699820265805,-2.3349772839,-0.781588655,0.3525133435,1.73797756425,3.44831431515,5.783291599049999,-0.0118355107999999,0.7887470434512459,-1.478055716,2.352710724,0.7888358370846108,-1.25189132665,-0.65365868775,0.018418431,0.38178402175,1.3392131088999992,2.5911044355499997,-0.10217973321,1.3571568145678443,-3.388502955,2.692943811,1.360997912271288,-2.39781596075,-1.25042181475,0.0580919985,0.87511030225,1.98648829135,4.3843042521,2.208117566154317,0.9263664939532164,0.3873871804439555,4.964771620161744,2.394564274994188,0.9730212176662046,1.5018958402021538,2.1564797567058225,2.7475915442180363,3.9207060516687657,2.947684834002561,-0.0003949290599999,0.18454493812063,-0.414929911,0.344375011,0.1845453606973353,-0.0423045240799999,0.0896872231057892,-0.25418084,0.194193914,0.0991638580636257,-0.00523908135,0.1005864184092316,-0.228219083,0.335364759,0.1007227657572454,0.2152206982544708,0.0878384169120748,0.0507147737255179,0.4294877753733613,0.2324554504475243,0.0107177795083399,1.295751943748553,-3.1345257492055447,3.1523720938465942,1.2957962689118006,-1.981011046885576,2.3304426439614425,4.311453690847018,3,0.03,2.756654054007427,573.393806707844,5.403553644276144,167.90879705257433,NORMAL,22.csv,8.59,9.59,NORMAL,ANOMALY,0.6895835957699722,ANOMALY_RECORDING_SAFE_REGION
0.180383683592081,1.3296972811552887,-3.1773897409439087,2.846495747566223,1.3418767204247994,-2.0220682978630067,-0.7437682077288628,0.2501180469989776,1.179741621017456,2.221525263786316,4.243593561649322,-0.0156031847000122,1.146326059248575,-3.673534154891968,2.588509559631348,1.1464322454838531,-2.1963701009750367,-0.5711685419082642,0.0642194747924804,0.5383265018463135,1.786130356788635,3.982500457763672,-0.243449600636959,1.2973203966324067,-3.547494888305664,2.605901598930359,1.3199651205879492,-2.3164210855960845,-1.2635200470685957,-0.130530908703804,0.6605247780680656,1.93486623764038,4.251287323236465,2.007565127163144,0.9093570289332764,0.3582289436922328,4.880527010212727,2.2039165015653213,0.641633805055182,1.2520759943690964,1.887828220682186,2.677811205341689,3.367724716301089,2.7260909112459077,-0.012518452077129,0.1982008406475298,-0.5532907843589783,0.5969676077365875,0.1985957826233852,-0.0244874307793506,0.0808872747480396,-0.2118173614144325,0.1884212404489517,0.0845126350455264,0.013938712754345,0.1280495444097477,-0.2658788934350014,0.2675587721168995,0.1288059530332045,0.2237876108669358,0.1144235514105128,0.0511593146451904,0.620678655812996,0.2513436768548701,0.0181981743431702,0.9332012489056098,-2.277659259427579,2.079886006974962,0.9333786715521276,-1.4679964784701836,1.6255949599807338,3.0935914384509173,3,0.03,2.872961883049583,485.7247945871925,6.317364389492535,87.11957445084145,NORMAL,95.csv,157.59,158.59,NORMAL,ANOMALY,0.7941649158356885,ANOMALY_RECORDING_SAFE_REGION
0.7077431640028954,1.2570642386572353,-2.317058086395264,3.412748694419861,1.4426055893083611,-1.530686929821968,-0.1439722590148448,0.6134300082921982,1.607131466269493,2.707405012845992,4.23809194266796,0.009326729774475,1.2162668742847929,-3.6469109058380127,2.074411392211914,1.2163026339570209,-2.0357021689414974,-0.7821944952011108,0.1987972259521484,0.9774352312088014,1.755199027061462,3.79090119600296,0.0412399235367774,1.734275571076659,-4.282713890075684,4.37551736831665,1.7347658308044318,-2.613586735725403,-1.0682974308729172,0.0222912728786468,1.3589617162942886,2.6799681425094604,5.293554878234863,2.37353432527698,0.9676002677413096,0.3932820768713875,5.311425768602303,2.56318463466858,0.8599718432198614,1.653565960718101,2.3736471165327253,2.998979345198608,3.936570852053028,3.076599008833167,0.0005473342583281,0.2890407919739589,-0.6585122346878052,0.5630340695381164,0.2890413101958329,-0.187610318712017,0.1227940029759785,-0.5187158405780792,0.0614835403859615,0.2242231006254467,-0.0085820391195302,0.0689057556691533,-0.1448665790259838,0.1811214089393615,0.0694381347660361,0.3458826009884378,0.1378686285819664,0.1188724276038719,0.758798189884981,0.3723473276573892,0.0052080436002949,1.0835871084524735,-2.794486191991012,2.293097804407921,1.0835996240874834,-1.8359692390690312,1.588711510297414,3.424680749366445,2,0.02,2.937891443325324,656.99154714011,13.864253241359911,117.41881453225356,NORMAL,95.csv,161.59,162.59,NORMAL,ANOMALY,0.6994348627908219,ANOMALY_RECORDING_SAFE_REGION
-0.4155056572798639,0.9673037362518428,-2.813535213470459,2.0358657836914062,1.0527684785356877,-1.9993789225816725,-1.0500202998518944,-0.4694429934024811,0.2128550447523593,1.108473598957061,3.1078525215387334,0.0445460963249206,0.709034761483059,-1.6167912483215332,1.620656967163086,0.7104327186223391,-1.0378575801849366,-0.4743282794952392,0.127127170562744,0.4836957454681396,1.176413059234619,2.2142706394195555,-0.0496801251173019,0.9066364835753552,-2.713119506835937,1.722134351730347,0.9079966014152016,-1.460618078708649,-0.6306400820612907,-0.0461431145668029,0.5548010021448135,1.6110066771507263,3.071624755859375,1.4535447985478367,0.5698258188986861,0.4343072849482439,2.878876789860558,1.5612475605326115,0.5226837314233729,1.0722077343309189,1.3949089029873205,1.8736063479677243,2.3466965795503887,1.824012848127016,0.0006973022578749,0.1183512990894842,-0.3191768452525139,0.249904778599739,0.1183533532545969,0.1812264760753605,0.0846927015127767,-0.0349109206348657,0.3675267994403839,0.2000397193564956,-0.0283529830616171,0.0771734767154074,-0.2412915863096714,0.1430950742214918,0.0822170125754754,0.234656817225604,0.0756255303004103,0.0554244090675953,0.4782736972663418,0.2465421722620062,-0.0147636266869143,0.657578440815467,-1.3578039462275642,1.8217352360844596,0.6577441527662949,-1.0353980496103894,1.0408257202837694,2.076223769894159,4,0.04,1.4253319913127211,243.74939452690305,6.078304270366878,43.26273704982512,NORMAL,102.csv,189.05,190.05,NORMAL,ANOMALY,0.6435726029323056,ANOMALY_RECORDING_SAFE_REGION
0.2307591991126537,0.7150703797832352,-1.636396408081055,2.0816606879234314,0.7513823633932682,-0.9074060246348382,-0.256480723619461,0.1817742213606833,0.6410101540386677,1.4363429635763163,2.343748988211155,-0.1210068464279174,0.4247393598776482,-1.1008872985839844,0.7533459663391113,0.4416403295801958,-0.925983715057373,-0.3334486484527588,-0.0570025444030761,0.1637113094329833,0.4589117288589475,1.3848954439163206,0.0037637184560298,0.5103718864814273,-1.4821844100952148,1.4003548622131348,0.5103857639934986,-0.9173262625932692,-0.3244503661990165,0.0088518410921096,0.3351316526532173,0.8507982507348061,1.7681245133280754,0.9099920761543668,0.4382119192281848,0.0380674052557131,2.1464780060885653,1.0100075568120197,0.2412686681793508,0.5753481479753024,0.8993002856864418,1.186622514584386,1.6974090277898308,1.45614035961048,-0.0012012654944555,0.080548126621024,-0.1647807732224464,0.2539670355618,0.0805570837415598,-0.069949209455568,0.0499837621583188,-0.1868940770626068,0.0493884174153208,0.0859724861973777,-0.0114582959978142,0.0614775940115497,-0.1496007815003395,0.1536324918270111,0.062536286367376,0.1231879022684504,0.0511491932607362,0.0303808206778106,0.3333309371354702,0.1333847788787216,-0.0051133010907408,0.6105089203072491,-1.4780506363199588,1.430693674849042,0.6105303330898209,-1.122224937703917,0.9499098234457752,2.0721347611496923,4,0.04,1.2364859299341986,102.01152648173846,1.7791499236525457,37.27472876227676,NORMAL,102.csv,194.55,195.55,NORMAL,ANOMALY,0.5725389834200298,ANOMALY_RECORDING_SAFE_REGION
0.11953922335,0.6429053903027759,-1.199482143,1.849761486,0.6539242821607757,-0.8095728222499999,-0.35832027325,0.003149217,0.4518104105,1.3582101765499996,2.1677829987999995,0.0545959663299999,0.2952328196142669,-0.522143841,0.833464622,0.3002384674169797,-0.37946400625,-0.1852596994999999,0.063872814,0.2443727255,0.5741872785,0.95365128475,-0.26629865344,0.7337110981835238,-3.011250496,2.469198346,0.7805427268392355,-1.1431024129999998,-0.47455753375,-0.214814514,0.00356562075,0.6061328719499998,1.7492352849499997,0.8328453562342716,0.658312741132223,0.1189952355611628,3.392913021014525,1.0616058838090583,0.1994088034194241,0.4080858976269072,0.6238320660519611,0.9311028087929796,2.381111292843067,2.1817024894236425,0.01053100067,0.1158478584140361,-0.44758063,0.515020102,0.1163255271822574,-0.0006774534799999,0.0809867135850461,-0.324705178,0.282250074,0.0809895469830759,-0.0003045148499999,0.0458152794421503,-0.108917192,0.10476331,0.0458162914218969,0.0984244251341281,0.1118154733989288,0.0187467077593652,0.6095066387733051,0.1489633094235294,-3.704132014299699e-05,0.4981839492125336,-1.4315794498144143,2.700541952378813,0.4981839505895947,-0.6260906233541836,0.6870116482296825,1.3131022715838665,7,0.07,2.560067664780253,112.70070525380122,2.2190067554410167,24.81872486250557,NORMAL,15.csv,28.59,29.59,NORMAL,ANOMALY,0.5943333333333334,ANOMALY_RECORDING_SAFE_REGION
0.32117228849,0.5410114871062701,-1.023638248,1.575576425,0.6291621953636771,-0.63883132935,-0.0674076565,0.3483149855,0.65601363,1.20268825725,1.8415195866,-0.00069718124,0.4194456909583721,-1.404418945,0.840874195,0.4194462703675259,-0.6406838656999999,-0.28591990475,0.0513978004999999,0.30229461225,0.6298629287499999,1.27054679445,-0.03843954267,0.6352346302368571,-1.711327791,1.589194626,0.6363966011009452,-1.05966395735,-0.43216981,-0.111520339,0.452224532,0.92494504875,1.9846090061,0.9020704237122456,0.4037942871766694,0.1406072291088291,2.3135187277984595,0.9883222529584694,0.2699470320582456,0.6482491194643418,0.8745441040001246,1.1405370810200592,1.59481974505181,1.3248727129935645,0.00370947511,0.0743936215146133,-0.160810154,0.198897573,0.0744860465298787,-0.01697685257,0.0444729970224636,-0.10430516,0.120798508,0.0476031615267681,0.0129506373199999,0.0366400828668056,-0.093004161,0.094561869,0.0388614806650564,0.0878041839719927,0.0401854709004118,0.0257515752704738,0.2266505276158486,0.0965631751470268,0.0015631713401279,0.5854321561165867,-1.6192921149298545,2.111260164057569,0.5854342430367002,-0.9811419235280268,0.7897597521439667,1.7709016756719933,4,0.04,1.411448304086214,97.67808756929048,0.9324446794475392,34.27332529199542,NORMAL,37 - Normal Road.csv,5.59,6.59,NORMAL,ANOMALY,0.5356237269372582,ORIGINAL_NORMAL
-0.271837916970253,1.1422014051403968,-3.3484150171279907,2.298099994659424,1.1741038723245156,-2.202922713756561,-1.0191283449530602,-0.199606105685234,0.4387032687664032,1.5952505856752393,3.798173299431801,0.2062322115898132,1.0881507031102124,-1.946063041687012,3.2616872787475586,1.1075214118817185,-1.5040826201438904,-0.5277383327484131,0.2457995414733886,0.809717059135437,2.1422515869140626,3.646334207057953,0.0928018718957901,1.4149917421503346,-4.940464019775391,3.0919389724731445,1.418031670232016,-2.375476533174515,-0.7838204428553581,0.1501008123159408,1.0125918239355087,2.154287266731261,4.529763799905776,1.9589659216435824,0.8822640854098109,0.4829358919067184,5.156973478054325,2.1484732715500323,0.682958390497573,1.3804750873064422,1.7827004685991452,2.431292135907968,3.423890361267149,2.740931970769576,-0.0074021540499379,0.1884310578001561,-0.6041452586650848,0.6247619539499283,0.1885763914923202,0.0594982293238863,0.0803229486283618,-0.1336266743019223,0.2517068266868591,0.0999590684682096,-0.001866802940669,0.083093831078076,-0.2220798909664154,0.2141997337341308,0.0831147984203242,0.2010645271394822,0.1096995735630935,0.0237486989282476,0.6285061493107963,0.2290435341015942,-0.0011108342338519,0.86546242998092,-2.6195794157107457,2.5757431621293394,0.8654631428669705,-1.5271537839927256,1.4639278637953417,2.991081647788067,2,0.02,3.198007556410743,461.59373985649,5.246094051374817,74.90264516611742,NORMAL,95.csv,152.59,153.59,NORMAL,ANOMALY,0.7445656565656565,ANOMALY_RECORDING_SAFE_REGION
0.7087688813358546,1.468971428500362,-2.732335448265076,5.36637806892395,1.631021270523617,-1.652363020181656,-0.1284259390085935,0.7788416147232056,1.3379453867673876,3.7433908164501184,5.395753836631775,-0.1081963729858398,0.7963829417487295,-2.065248966217041,1.6167049407958984,0.8036991010544003,-1.4759686708450317,-0.6426515579223633,-0.0969045162200926,0.5355099439620972,1.0404108762741089,2.5163795471191404,-0.206692988872528,1.803970136935058,-4.765875577926636,5.146579265594482,1.815772630755996,-2.81846934556961,-1.2138931155204773,-0.3454327285289764,0.7120589762926102,3.214166104793548,6.032635450363158,2.2493717721978577,1.242384605095436,0.1612890241890629,5.890906337348638,2.569667853349665,0.7259441505697585,1.3562854258939503,1.9204394729396923,3.0056857481292414,4.563247992523873,3.837303841954115,0.0024178027678426,0.1821255851287965,-0.59760901927948,0.5087892770767212,0.1821416331559885,-0.2189669234062312,0.0938953841777307,-0.5380191504955292,0.0618500581476837,0.2382495681336567,0.0290774690598482,0.1230599376220402,-0.2419024556875229,0.3213148787617683,0.1264485960952784,0.3057799146668926,0.1114734160478604,0.0639590742700169,0.7924621360708823,0.3254653264159971,0.0003960064067723,1.3469163037127787,-4.39923393779114,3.8053993031110553,1.3469163619276323,-2.412538603884669,1.9908445258825385,4.403383129767208,4,0.04,3.641534565150781,660.3192876538676,10.592767869907156,181.41836860283684,NORMAL,95.csv,163.09,164.09,NORMAL,ANOMALY,0.7540890985324947,ANOMALY_RECORDING_SAFE_REGION
0.1979452759599999,0.7477666641839729,-1.325045824,1.806914091,0.7735226669850773,-1.1481647225,-0.2600484825,0.2059177295,0.582619537,1.61789821405,2.76606293655,0.27260579588,0.4618205383827216,-0.515626907,1.74121809,0.5362761691698364,-0.26421804405,-0.02154958275,0.183654785,0.3823832275,1.39272620675,1.6569442508,0.3277985570199999,0.5143076591603712,-1.135783434,1.505096078,0.6098887294051389,-0.3203715607,-0.0635720935,0.2194281145,0.756665245,1.16576597685,1.48613753755,0.962415728557064,0.5758903312615798,0.1469464469374511,2.515281747230054,1.1215586066784902,0.2708784676445104,0.4766005765380298,0.8569916096041963,1.4097770276079564,1.952783421152214,1.6819049535077035,-0.0156210313699999,0.0572634377737936,-0.14153737,0.137505662,0.0593558584028203,0.00725616445,0.0228838249837913,-0.050854494,0.069791302,0.0240066942416951,-0.0043078183299999,0.0447249217321053,-0.128128886,0.092393298,0.044931903172548,0.0682530405162125,0.0382078222115496,0.0084215746580626,0.169949676759263,0.0782196600469289,-0.0061541282627485,0.3236692027581834,-0.7797752888475941,0.8519460455835957,0.3237277036473591,-0.5371229885063975,0.4929612655036347,1.030084254010032,2,0.02,1.55286601867299,125.78937082145964,0.6118315217857135,10.47996261087924,NORMAL,15.csv,27.09,28.09,NORMAL,ANOMALY,0.8533333333333334,ANOMALY_RECORDING_SAFE_REGION
0.9055950433388352,0.8377124949802526,-1.4228276014328003,2.7527451515197754,1.2336387667246465,-0.6365589059889316,0.5073627457022667,0.900776281952858,1.5022288262844086,2.1645422667264937,2.801101172715425,-0.0626619958877563,0.724270778091232,-1.8260908126831048,2.174872875213623,0.7269763997032612,-1.4099820017814635,-0.4312635660171509,-0.0075454711914062,0.3472222089767456,1.0192476511001585,2.429229652881622,0.1213157173991203,0.961875019090984,-2.317030429840088,2.135170817375183,0.9694952581830114,-1.4183777868747711,-0.5603787899017334,0.2190677672624587,0.8245510384440422,1.5959261298179626,3.0143039166927337,1.624087329539906,0.5938187384705058,0.2827235653366582,3.35865179236686,1.729242709434036,0.6969310415438968,1.175351266225073,1.640381355528301,2.0050038003338497,2.510074705522473,1.8131436639785763,-0.0122258477777359,0.1308448885546684,-0.4282772958278656,0.2926042266190052,0.1314148249428806,-0.0802709918195614,0.0674322800540788,-0.2266308367252349,0.0966693524271249,0.1048357978983697,0.0651496451674902,0.0651767519222236,-0.1013119235634803,0.1977674692869186,0.0921546811430703,0.1798046974508655,0.0665068174470817,0.0580922298955962,0.4405662211203065,0.1917104222319088,0.0092308618878659,0.7778232632180959,-2.1837311546952183,1.9651196371859092,0.7778780351793204,-1.3024950052107125,1.1474140983972303,2.4499091036079426,5,0.05,1.7345644628269536,299.02803481307654,3.675288599233677,60.509423761444005,NORMAL,95.csv,211.59,212.59,NORMAL,ANOMALY,0.5086181152884699,ANOMALY_RECORDING_SAFE_REGION
-0.3867204515635967,1.4946886427197503,-4.491595268249512,2.9894206523895264,1.5439063593148912,-2.543546676635742,-1.492967128753662,-0.3260490372776985,0.5828624591231346,1.9320036590099328,4.475550335645675,-0.1352473068237304,1.4060911925069366,-4.203118562698364,3.2616872787475586,1.412580714737622,-2.7523510098457336,-0.8640817403793335,-0.2418370246887206,0.7107594013214111,2.14923038482666,4.901581394672393,0.1248744079470634,1.5963216046884898,-4.940464019775391,3.6418685913085938,1.6011983897554247,-2.4877283334732057,-0.9461744874715806,0.1702488958835601,1.142118103802204,2.711688184738158,5.199416518211365,2.440779120893582,0.9927057410667722,0.3222812447323595,5.156973478054325,2.6349321443515348,0.9091137710457337,1.641344516323495,2.3514781171447527,2.9592388193499706,4.097074778808562,3.187961007762828,0.0331629323367524,0.2319672736728597,-0.6041452586650848,0.6484329551458359,0.2343258332672508,0.065012811241766,0.0923225431154759,-0.1336266743019223,0.3123046159744262,0.1129164186151261,-0.0093709712713316,0.0995440687928196,-0.2220798909664154,0.2706436395645141,0.0999841824210096,0.2462500553289646,0.1304471567882467,0.0237486989282476,0.6608346421831233,0.2786674549775333,-0.000214548469721,1.0012445101536458,-2.6195794157107457,2.5757431621293394,1.001244533140561,-1.7538343262174692,1.4740209355886926,3.2278552618061616,4,0.04,2.716194357160743,694.2867405336978,7.765555046365556,100.24906151438604,NORMAL,95.csv,152.09,153.09,NORMAL,ANOMALY,0.8192081392712222,ANOMALY_RECORDING_SAFE_REGION
0.4736515418346971,1.173975517640989,-3.249407172203064,3.0686028003692627,1.265924286481152,-1.5870445221662524,-0.1960800811648368,0.4648332595825195,1.2713167369365692,2.432563877105713,4.019608399271966,-0.0380423760414123,1.198680414577415,-3.670780897140503,2.9416184425354004,1.199283935799342,-2.215271198749542,-0.7921265363693237,0.1742279529571533,0.5880112648010254,1.5340009927749625,3.7492721915245046,0.1319510462880134,1.4194287187628405,-3.566355347633362,3.4508426189422607,1.4255486544714009,-2.315755969285965,-0.7516632676124573,0.1519373357295989,1.0884045884013176,2.176823230087756,4.49257919937372,2.08201394502134,0.8592165947949743,0.6728010065321085,4.849980035035654,2.2523399441546106,0.844127409961142,1.4216357048294357,1.901736573125698,2.738215921275017,3.488022857719066,2.643895447757924,0.0006820301535772,0.2478501743541202,-0.5834369540214539,0.5436696484684944,0.2478511127521887,-0.0282347808397826,0.1001700371921937,-0.3047909796237945,0.1893986258655786,0.1040732395967188,-0.0255857658503227,0.0922413103656965,-0.2822500735521316,0.2076940275728702,0.0957240343494167,0.2494602862691218,0.1385426635347766,0.0262925656895583,0.605192980246323,0.2853497924386533,-0.0117056077700783,1.0740333747869295,-3.066859727407783,3.1426484720133363,1.0740971610657335,-1.6750961167922749,1.906562853251938,3.581658970044213,3,0.03,2.7679660900143137,507.3035224034394,8.142450404478254,115.36847114094684,NORMAL,95.csv,7.09,8.09,NORMAL,ANOMALY,0.727879821824266,ANOMALY_RECORDING_SAFE_REGION
0.33953951796,0.5858633123263681,-0.857046425,1.641178429,0.6771431938567593,-0.59829296355,-0.0524510029999999,0.3901214149999999,0.7287128025,1.3146013142999995,1.9128942778499995,-0.03802990196,0.4647960493034952,-1.8049016,0.997212887,0.4663492692084168,-0.7527226925,-0.31928336625,-0.019782066,0.30245697525,0.7089411500499999,1.46166384255,-0.18983413646,0.7280162198934814,-1.872229218,2.081579924,0.7523593661233358,-1.3987097117,-0.6502701115,-0.216510333,0.25708478525,1.0668740394499998,2.46558375115,1.0159712965728729,0.4580954990079042,0.0968193053321079,2.7206647657730127,1.1144725935038802,0.3189586948450947,0.6747607432328826,1.0472892874103847,1.2802130928782849,1.7124076578560683,1.3934489630109734,-0.0007321129399999,0.0820452766934858,-0.170431275,0.187535483,0.0820485430526805,-0.0304726899099999,0.0548197131053541,-0.178036542,0.128128888,0.0627198993566185,-0.0121091707,0.0364128141147434,-0.107970348,0.058643019,0.0383734940655213,0.0978697972757572,0.0505942390037709,0.0145337362819174,0.2382662860465121,0.1101738364547977,-0.0016557618965078,0.6063799535544948,-2.4656800731757325,2.427175186894756,0.6063822141357785,-0.9635535127641336,0.8994996158579154,1.8630531286220489,3,0.03,1.70469346920014,124.20491616712648,1.213827423916852,36.76993896202092,NORMAL,37 - Normal Road.csv,6.59,7.59,NORMAL,ANOMALY,0.5602873245916725,ORIGINAL_NORMAL
-0.0659630515426397,0.5291477704177534,-1.6133540868759155,1.0551180839538574,0.5332433657410999,-1.025252491235733,-0.4181255400180816,-0.0069140568375586,0.284544426947832,0.6499771013855931,1.675229592621326,-0.114775276184082,0.3121180511363975,-0.8443260192871094,0.7012877464294434,0.3325523144834736,-0.6782272100448609,-0.3106371164321899,-0.1255261898040771,0.0951058864593505,0.4185966491699218,1.0968238592147823,-0.591191034913063,0.3607773768259802,-1.7465914487838743,0.1719452738761901,0.6925800714653966,-1.1274568796157838,-0.8222689479589462,-0.5756400972604752,-0.3339556828141212,0.016782759130001,1.1442396387457847,0.8638540493010253,0.3582776379743051,0.2341480870170142,1.9671807974344624,0.9352040870132172,0.3920405085214521,0.6084543213420702,0.8283502249655846,1.0490758304675811,1.6296696029013125,1.2376290943798602,-0.0177184382999839,0.0439431988376163,-0.1232419684529304,0.0972802173346281,0.0473808798976193,-0.0375843719112599,0.0402531862257519,-0.1317940726876258,0.0674700139090418,0.0550718077902748,0.0053743883458519,0.0461949047271752,-0.1166140854358673,0.103908097743988,0.0465064863523877,0.0803299124251548,0.0314294485438956,0.0148388914504061,0.1717550176398478,0.0862595215962065,-0.0051414444040135,0.4732839760527473,-0.794440356608873,1.2132376085356622,0.473311901856331,-0.7378209828400839,0.8653149052152729,1.6031358880553568,7,0.07,1.1033267481334377,87.46066843662254,0.7440705066006426,22.40241564388571,NORMAL,102.csv,215.05,216.05,NORMAL,ANOMALY,0.7824491832603683,ANOMALY_RECORDING_SAFE_REGION
-0.1235040955990552,0.5662468519453154,-1.863913893699646,1.0551180839538574,0.5795591073977878,-1.0832324013113976,-0.4792989455163479,-0.0342468097805976,0.2316429726779461,0.684231641888618,1.7674640432000157,-0.112260947227478,0.3479184531462668,-1.0331048965454102,0.7012877464294434,0.3655814140681959,-0.7547980546951294,-0.3243869543075561,-0.0889921188354491,0.0937280654907226,0.4700562477111816,1.224854302406311,-0.4566181272268295,0.4437379382144183,-1.7465914487838743,1.0369881391525269,0.6367130216376291,-1.0492465913295743,-0.741383969783783,-0.4835122525691986,-0.1770526468753814,0.2336328819394111,1.2828794732689857,0.861206038689274,0.3650563793825152,0.1414061878380248,2.137539213495206,0.9353833445185684,0.3692769853646349,0.6353906201395816,0.7842198112530445,1.0728080820901034,1.4403529100357384,1.0710759246711037,-0.0116012383882916,0.0454849310018908,-0.1246164161711931,0.0981965130195021,0.0469411086403883,-0.0167896184426135,0.0461116669678892,-0.1317940726876258,0.1173165798187255,0.0490731812501092,0.0176045120106136,0.0443719135005056,-0.0902247294783592,0.1590081006288528,0.0477366269318245,0.0756582642470395,0.034150510982241,0.0148388914504061,0.1916946643669207,0.083008616114371,0.0011494242325152,0.4698273667870253,-1.403007599931387,1.2132376085356622,0.4698287728078138,-0.7097080167535915,0.8265731186948677,1.5362811354484591,4,0.04,1.2763331748059317,87.49420012027426,0.6890430349223019,22.073907575809635,NORMAL,102.csv,215.55,216.55,NORMAL,ANOMALY,0.8209491832603683,ANOMALY_RECORDING_SAFE_REGION
0.1277848129719495,1.0860958255191606,-4.0215582847595215,4.131584286689758,1.093587262469906,-1.224559709429741,-0.5362869091331959,0.0445629507303237,0.6441003754734993,1.8301510334014877,3.054710742831229,0.0849394989013671,0.6213266411355913,-1.0779337882995603,1.5949444770812988,0.6271056637110298,-0.8623965501785278,-0.3765593767166137,0.0766677856445312,0.4545736312866211,1.0621097803115835,1.9245063304901115,-0.6367479215562344,0.9012764584161492,-3.701019048690796,1.1293936371803284,1.1035158223158117,-2.3527263015508653,-1.1137179881334305,-0.4802823066711426,-0.0770161151885986,0.5435003906488417,2.896226692199707,1.4008901919579315,0.9189387652462404,0.2355731487061935,5.423201956543199,1.675393023799555,0.4300469882119455,0.8069259057558773,1.1244989666199636,1.664792716597642,2.957695098583471,2.5276481103715254,-0.0299662771044531,0.1389459341301469,-0.3807520151138305,0.234266647696495,0.1421406007261823,-0.0432535024005628,0.0604068810385086,-0.2721707999706268,0.0948367580771446,0.0742957384155782,0.0033087490977486,0.0923615334118006,-0.1955378174781799,0.3481929153203964,0.0924207805353915,0.1634876709501449,0.0868169870681089,0.0291315901091953,0.4497782816564806,0.1851091780444368,-0.0297484800008563,0.7160789763032823,-2.3185679487725457,2.294297661207277,0.7166966390083871,-1.3058172208487984,1.0505265725601194,2.356343793408918,5,0.05,4.022311764585267,280.69417841962155,3.4265407796287035,51.36540723659184,NORMAL,102.csv,213.55,214.55,NORMAL,ANOMALY,0.8117222222222223,ANOMALY_RECORDING_SAFE_REGION
0.24495247748,2.064362134370607,-4.881012917,5.482812166,2.0788440869980507,-3.5295342561500003,-1.119661223,0.184287876,1.68498700825,3.1454670611,6.6750013172500005,-0.0845553210099999,0.8595924317846424,-2.762656689,1.702041626,0.8637411366216958,-1.3914569139,-0.70009171975,-0.080002546,0.480507016,1.2901621813999995,2.6816190952999994,0.05897296323,1.0919898333871694,-2.361934781,2.715104938,1.093581092838142,-1.7697041901,-0.62411766475,0.001510307,0.90219315175,1.9473547132499995,3.71705890335,2.225998288765605,1.1438936638363564,0.2916467469464279,5.819582262868394,2.502710749517883,0.7729699973554065,1.3689529878690991,2.0306754904501947,2.862693596631175,4.314123489118132,3.5411534917627256,-0.0050301659099999,0.1646893914628938,-0.379652463,0.424031788,0.1647661926169941,-0.02438938597,0.1074266623472137,-0.260686543,0.245017865,0.1101604735422642,0.0079137491499999,0.1026889051620866,-0.251370851,0.252287152,0.1029933913850648,0.2035051521761047,0.0920680176137942,0.0297854834953887,0.4476074624012425,0.2233626352583472,-0.0114847033652143,1.733289964517878,-4.891567315965927,4.563521134223404,1.7333280126709347,-2.8363597749097638,2.7550610247842497,5.5914207996940135,4,0.04,3.5935839741027893,626.3561095752364,4.989086682955348,300.44259995097724,NORMAL,22.csv,6.59,7.59,NORMAL,ANOMALY,0.733388888888889,ANOMALY_RECORDING_SAFE_REGION
-0.4065189202968031,1.062194067169345,-3.42124617099762,2.0358657836914062,1.1373275117084936,-2.1947580218315124,-1.0860527008771896,-0.3322779573500156,0.2767369244247675,1.0996128618717191,3.2943708837032317,-0.1007917380332946,0.6154951344856685,-1.6167912483215332,1.620656967163086,0.6236932218898193,-1.053344702720642,-0.4880515336990356,-0.1200926303863525,0.2932633161544799,0.8464679002761838,1.8998126029968256,-0.2296964734792709,0.870554047421554,-2.713119506835937,1.8481305837631223,0.9003470549798352,-1.6983612954616547,-0.7672944366931915,-0.2405759245157241,0.2986933477222919,1.0818400070071217,2.780201302468776,1.4085142718024877,0.7135961529183764,0.2244211054692308,3.672741092515319,1.5789654598284282,0.4846352281072281,0.8838332489419107,1.243110028439915,1.8863867747586045,2.8162672412055896,2.331632013098361,0.0049156288235681,0.1151953799563975,-0.2602894872426987,0.3515526831150055,0.1153002123589973,0.2091081770805176,0.0787475468286188,0.001374446041882,0.3845393806695938,0.2234444133413557,-0.0215397028160514,0.0882401078614638,-0.2123976826667785,0.1866191923618316,0.0908310268179689,0.2576297661382713,0.0714053489301658,0.1150723693280464,0.4505566125822289,0.2673421408164061,0.000813705424473,0.7296878346810838,-1.3578039462275642,2.545476633589025,0.7296882883794191,-1.1183123670923765,1.102520746512227,2.220833113604604,5,0.05,2.264226820712832,249.31319233312,7.147182025629911,53.24449981980864,NORMAL,102.csv,189.55,190.55,NORMAL,ANOMALY,0.8371497584541062,ANOMALY_RECORDING_SAFE_REGION
0.313420248478651,1.3075278027663153,-2.608096480369568,3.807369351387024,1.3445672936537345,-1.7563997447490691,-0.4650295563042163,0.244232878088951,1.1812036633491516,2.3930308550596235,4.149430599808692,0.1137999844551086,0.6271922195695012,-1.352691888809204,1.4949955940246582,0.6374327546890733,-0.7945372343063355,-0.3400546312332153,0.0765719413757324,0.5271404981613159,1.3137527465820311,2.1082899808883666,-0.0892525044083595,0.9330587808888126,-2.4609851837158203,2.229671001434326,0.9373178213054956,-1.554925924539566,-0.6952585354447365,-0.0917268097400664,0.4665813744068145,1.462886822223663,3.017812746763229,1.6008937743184308,0.7279323769411545,0.2807989942322461,3.884620498856046,1.7586206020772954,0.4763566400221909,0.992816595347777,1.5841103366783438,2.1433761845082766,2.5836311333851296,2.107274493362939,-0.0047867362074757,0.142192231775274,-0.2998735189437866,0.3310887143015861,0.1422727789169565,-0.0575938585650874,0.0969540774000853,-0.2925736904144287,0.1550680249929428,0.1127703226426041,0.0073383187878789,0.1034344340793991,-0.2435823269188404,0.2105650901794433,0.1036944216241071,0.1916498956635819,0.0835556093734373,0.0198213633558252,0.4144141669662156,0.2090722898081626,-0.0079569404814129,1.01108511990698,-1.8935653579759373,3.1987885577004835,1.0111164288048815,-1.6384172845092029,1.8514295682662856,3.4898468527754885,2,0.02,2.2837267245376154,309.2746422050709,4.371122236562834,102.2356432599137,NORMAL,102.csv,193.55,194.55,NORMAL,ANOMALY,0.6433663793103449,ANOMALY_RECORDING_SAFE_REGION
0.0066876398499999,0.2007786714449132,-0.444015771,0.469443798,0.2008900182536397,-0.32867073045,-0.1200721005,0.0187765989999999,0.1291563625,0.3093932344499999,0.6380639649,0.0023307705199999,0.1130734945413297,-0.285346508,0.247583389,0.1130975139382163,-0.17761623895,-0.091840863,0.006428003,0.08569324,0.1892363075499999,0.3668525465,0.0001936033199999,0.1815143275187364,-0.42780149,0.342917502,0.1815144307674313,-0.28372803065,-0.13614395275,0.004773408,0.14449958475,0.29434871635,0.578076747,0.2676713189395927,0.120197340598352,0.0277523305570905,0.59139009717429,0.2934200669173418,0.0929716908556315,0.1858979556744458,0.2594689563026883,0.3241638726729224,0.5066060565672549,0.4136343657116234,0.0003967624999999,0.0156366582529947,-0.040744682,0.03817905,0.0156416911426595,0.00772591133,0.0102100892886956,-0.019639303,0.033628106,0.0128037349692252,-0.00053817247,0.0135589654909648,-0.030848671,0.033780822,0.013569641660436,0.0231018103288544,0.0076837273042963,0.0057220297596943,0.0449432224973724,0.024346114797995,-0.0012455000490023,0.1791507862448026,-0.4895981068920506,0.4325458557697803,0.179155115702854,-0.2845992268932804,0.2527139827094641,0.5373132096027446,5,0.05,0.3237187782346973,8.609533566977735,0.0592733305757155,3.209655548250304,NORMAL,15.csv,1.59,2.59,NORMAL,ANOMALY,0.7928888888888889,ANOMALY_RECORDING_SAFE_REGION
-1.3500848581499998,1.025114740535208,-4.51431179,1.21395421,1.6951664683648249,-2.9729623499,-1.926559001,-1.2513356955,-0.634926662,0.1614359497499999,3.13439829965,0.07588037966,0.87774638255418,-1.567061424,2.266210556,0.8810201723594612,-1.1199039575999998,-0.6020110845000001,0.038990736,0.6827878952499999,1.5518727777999997,2.6717767353999995,0.0697800475,1.2834068350440688,-2.71662879,2.690338135,1.2853024388317855,-2.1117455959,-0.76092158225,-0.0182969275,1.01999735075,2.0846052764,4.1963508723,2.139092581314124,0.8520981090265259,0.4197274931736758,4.741370320549824,2.3025612388902283,0.9869103563430566,1.5554911220406007,2.014547791327451,2.626659247981302,3.777093525657396,2.7901831693143397,0.0109372283999999,0.1793012592060113,-0.452925688,0.442846417,0.1796345304164404,0.0941226560099999,0.0808156106993112,-0.1452331,0.239275734,0.1240573952131811,-0.02111453981,0.0626177159811875,-0.196851172,0.111482821,0.0660817837689687,0.2092869078975987,0.090689548205762,0.0263261632365693,0.5141588250057577,0.2280912185313218,0.0004508906979221,0.9455227729051376,-1.960002197533119,2.5441079476485733,0.9455228804130772,-1.5746245798450085,1.502424156097849,3.0770487359428573,5,0.05,2.6022777392357,530.1788258839703,5.202560397110321,89.4013517384642,NORMAL,76.csv,1.59,2.59,NORMAL,ANOMALY,0.5293580919878306,ANOMALY_RECORDING_SAFE_REGION
-0.197237857542932,0.7791082009617823,-1.7557286024093628,1.6792454719543457,0.803686730793803,-1.4084048449993134,-0.8309219256043434,-0.2710384279489517,0.4316775854676962,1.027972312271595,2.4363771572709085,-0.0447123003005981,0.4137290394963042,-1.1823735237121582,1.0040593147277832,0.4161380875631372,-0.7299080133438111,-0.347723126411438,-0.0068209171295166,0.2117040157318115,0.5592820405960081,1.2891900539398191,-0.2639713189005852,0.5181216203797878,-1.3001867532730105,1.350535869598389,0.5814902154869773,-1.059154176712036,-0.6465979292988777,-0.2731495499610901,-0.0133681744337081,0.5638843685388563,1.6230385452508922,0.9900010254046524,0.4208468956515714,0.173342550282384,2.157470789371013,1.0757388809008568,0.3796051854283885,0.7059609177934691,0.9104384520160316,1.3058224905656206,1.791505620809286,1.4119004353808975,-0.0049987066062749,0.0533437032254504,-0.1656054437160491,0.1326187431812286,0.0535773995406696,0.0418842488052614,0.0512712857354373,-0.0946534991264343,0.1452331021428108,0.0662044940993125,-0.0046645634905289,0.0614051141217035,-0.1359174158424139,0.147035151720047,0.0615820281645271,0.0975739913514942,0.0390542594998496,0.0229831529964057,0.2027414497063865,0.1050995669512632,-0.0054310344806512,0.6406110080998766,-1.5598327211390557,1.7756953733969176,0.640634029563112,-1.0414934842610464,0.983393348304188,2.0248868325652345,3,0.03,1.167469763966361,115.72141398818276,1.1045918973343067,41.04119598342702,NORMAL,102.csv,200.55,201.55,NORMAL,ANOMALY,0.6883163262512856,ANOMALY_RECORDING_SAFE_REGION
-0.1880538899451494,1.0329885028993464,-3.1637072563171387,2.7404643297195435,1.0499664340566963,-1.9151397615671155,-0.8488965630531311,-0.1801605820655822,0.4646889939904213,1.2999427855014798,3.2150825470685955,0.1983560848236084,0.8360321840328592,-1.8541667461395264,2.063201904296875,0.8592409144851654,-1.3547198176383972,-0.2252068519592284,0.1995508670806884,0.8284569978713989,1.4071307897567746,2.761850607395172,1.406155264377594,1.2611852577733342,-2.183831959962845,4.796494245529175,1.888878207286434,-0.3858952842652796,0.5845013186335564,1.2455494552850723,2.173735663294792,3.5254935324192043,3.911388816684484,2.1248333345131827,0.9453404911851814,0.347424201978413,4.852028605266843,2.3256365459229977,0.8458413664233463,1.4514196756077635,1.9047731807190924,2.7337310456838835,4.020708698596095,3.1748673321727483,-0.0063190904671791,0.1508374832858457,-0.3370446339249611,0.3923584461212158,0.1509697892571232,0.0097112227516117,0.0786683740332858,-0.2345415294170379,0.289702620357275,0.0792655090210893,-0.001381165185201,0.0681394007197007,-0.115911591798067,0.2182925283908844,0.0681533971839171,0.162365016420327,0.0857752014235366,0.0351672205800485,0.4571907606301405,0.1836294740405835,0.0189275871993131,1.0955297958804842,-3.269856524160758,2.131532253236916,1.0956932906699406,-2.007680077301937,1.4365186760879685,3.444198753389905,6,0.06,2.72719527075366,540.8585343732651,3.371978373642135,120.0543787219123,NORMAL,95.csv,25.59,26.59,NORMAL,ANOMALY,0.6214548229548228,ANOMALY_RECORDING_SAFE_REGION
0.0761247707903385,0.514224015755957,-1.3924468159675598,1.0507121086120603,0.5198281630578169,-0.8021053805947304,-0.2063510306179523,0.1695716008543967,0.3804246783256531,0.8167583420872686,1.6188637226819989,-0.1504529953002929,0.3497758961211781,-0.9702272415161132,0.6480574607849121,0.3807614493383005,-0.7578766822814942,-0.3804919719696044,-0.168917179107666,0.101043939590454,0.4111405372619628,1.169017219543457,-0.8060095450282097,0.4057227330714457,-1.7914602756500244,0.1719452738761901,0.9023648501618096,-1.3766535788774488,-1.0797232016921043,-0.8366398215293884,-0.4881849139928817,-0.1514818459749221,1.225171732902527,1.045322499833155,0.3698158927904214,0.2341480870170142,1.9671807974344624,1.1088114912904774,0.4468105826612369,0.7966877352295869,1.0103108592511338,1.3233947415246283,1.6296696029013125,1.1828590202400755,0.0016325361796625,0.0494005805882004,-0.1232419684529304,0.1094975136220455,0.0494275483594846,-0.0445705269573299,0.0402861200442316,-0.1250745624303817,0.0675005598459392,0.0600791423163839,-0.0002599229795305,0.0432578607549596,-0.1166140854358673,0.1015868112444877,0.0432586416459274,0.0840369041808122,0.0293546366194042,0.0287840657624858,0.1717550176398478,0.0890162679253195,-0.0066648709515978,0.4822491210283267,-0.9578124780096012,1.1615914182331963,0.4822951743874234,-0.7871132134029402,0.8518881526037478,1.639001366006688,3,0.03,0.9218582976013076,122.94629232178124,0.7923895955352279,23.26086352373952,NORMAL,102.csv,214.55,215.55,NORMAL,ANOMALY,0.7605178299630355,ANOMALY_RECORDING_SAFE_REGION
-0.0800236096,0.7140256755042352,-2.122634411,1.440501511,0.7184959591902329,-1.35672394465,-0.53718662625,0.0451546275,0.40272513,0.8266657964999999,2.18338974115,-0.08428785802,0.5727359384431278,-1.59122324,0.960440636,0.5789049129122414,-1.15457582515,-0.512757063,0.0280623435,0.3435137275,0.7183736566,1.87294948175,0.3051265777399999,0.7546946858489106,-1.953066587,1.951366186,0.8140431790095106,-0.5614800764,-0.24510683875,0.1619236395,0.8915594745,1.53379479985,2.09527487625,1.1050447076240333,0.541211449445268,0.2476270341021337,2.4574639268181206,1.2304607425101106,0.3805897367760005,0.6535951131917765,1.0652859067147953,1.522081228665915,2.050444510404477,1.6698547736284766,0.0019507944999999,0.0406713275298837,-0.158885929,0.110261094,0.0407180854439929,0.01452117055,0.0405278318558979,-0.146454833,0.084818575,0.0430507787279408,0.01133245653,0.0482719179446776,-0.087659096,0.150730884,0.0495842982511805,0.0675066244989469,0.0375871030158836,0.0059828120586402,0.2192145967245121,0.077265352289163,-0.0118142044163556,0.4535439276598354,-0.990577705985212,0.9254134072002352,0.4536977735708006,-0.8834178274416367,0.7294114181391596,1.6128292455807962,2,0.02,1.3524192191940874,151.40336388585328,0.5969934664368468,20.584166974310147,NORMAL,57.csv,9.03,10.03,NORMAL,ANOMALY,0.6528534576534577,ANOMALY_RECORDING_SAFE_REGION
0.3269602286070585,0.5212927693665098,-1.0201988220214844,1.609378159046173,0.6153447346687749,-0.5286483660340309,-0.0457472130656241,0.4062612652778625,0.6925207823514938,1.1489155113697052,1.677563877403736,0.0886716532707214,0.5819256650330618,-1.6222081184387207,1.5626239776611328,0.5886426264873572,-0.8892028093338012,-0.3016176223754882,0.147031545639038,0.4803186655044555,0.8968336105346679,1.786036419868469,0.2500678312778472,0.7817099269632709,-2.4788084030151367,2.356634974479676,0.8207340191273468,-1.1422329008579255,-0.236094370484352,0.2720617055892944,0.8092916160821915,1.4061939626932145,2.54842686355114,1.0895520091401771,0.4600326442047895,0.0616078770757542,2.962443032897498,1.1826891452767492,0.4062633959074174,0.8125442286419972,1.0454711887707284,1.29331698854965,1.806662399506216,1.4003990035987988,0.0041282243232853,0.0893711043869698,-0.2439182996749878,0.2304792761802673,0.0894663989183091,-0.0439700468774244,0.0502981447991585,-0.1806632585823536,0.118660482764244,0.0668076971062468,0.0138040167156068,0.0421876079726281,-0.1039997283369302,0.1395826004445552,0.0443885699694968,0.1109689661980882,0.0460840385916263,0.0381728170723145,0.2987280223888606,0.1201576051358671,0.0025836197686486,0.6010615358238997,-1.7055797129500914,1.549776984616469,0.6010670885501002,-0.8578425993138826,0.9870106053463388,1.8448532046602213,3,0.03,1.8728910237573209,139.87536143554473,1.4437850071986962,36.1281644938094,NORMAL,95.csv,185.59,186.59,NORMAL,ANOMALY,0.5092072597896325,ANOMALY_RECORDING_SAFE_REGION
0.26139920851,0.5865917426199592,-1.023638248,1.522099078,0.6421988934275541,-0.7017466293,-0.159439506,0.2382613045,0.6383774805,1.2884313317499998,1.99017796105,0.00956149577,0.4506102104140644,-1.404418945,0.883829594,0.4507116416632337,-0.7939460753,-0.294096351,0.0533406735,0.31520473925,0.6744573114999997,1.4684033867999997,0.18778792847,0.6806364106901714,-1.711327791,1.589194626,0.7060667317160989,-1.0241170645,-0.223700204,0.2305892035,0.7464446947500001,1.1640499979,2.1881670624,0.966989261072916,0.4231103889722534,0.1406072291088291,2.3135187277984595,1.055504918172623,0.2329864717912909,0.6655374922993222,0.9566033335943488,1.2313398841955492,1.703546436935315,1.4705599651440242,0.00084513003,0.0733819101504045,-0.160810154,0.190437097,0.0733867766160202,-0.0011685887899999,0.046361987750325,-0.094348063,0.120798508,0.0463767129917742,0.0036438069299999,0.0372799397744447,-0.093004161,0.094561869,0.0374575925351502,0.0851017992000867,0.0411967656673252,0.0170338470916665,0.2092647086222039,0.0945488748137194,0.0048904183275979,0.5954745193931015,-1.541801187290964,2.111260164057569,0.5954946006790187,-0.9047620751159718,0.8033975461017915,1.7081596212177632,4,0.04,1.3465294667255434,111.40906322865958,0.8939489728540401,35.4613819437864,NORMAL,37 - Normal Road.csv,5.09,6.09,NORMAL,ANOMALY,0.5148119260400493,ORIGINAL_NORMAL
-0.1666145745899999,0.7428002273235783,-2.122634411,1.440501511,0.7612572457308806,-1.5309982116499998,-0.66096299525,-0.143912556,0.283474152,0.9281066328499996,2.4591048445,0.06744322296,0.4835446572557739,-1.419489861,1.130709648,0.4882253822609351,-0.73113601175,-0.240356684,0.1064891815,0.45584201825,0.7526883368499999,1.4838243485999998,1.10793272235,0.5873614719857373,-0.318897009,2.338739753,1.2539969760837282,0.0704389049,0.773365747,1.115917504,1.51898354275,2.02704617335,1.95660726845,1.4516383949026368,0.5321005586665298,0.2862546741020286,2.842009312765223,1.5460870072828168,0.5747377546118476,1.106885358457309,1.5083583008021446,1.8307097281332303,2.2663982639443168,1.6916605093324693,-0.00083780093643,0.0611485335247787,-0.188207439,0.146179941,0.0611542726441912,0.00501672705,0.0484447121121846,-0.11627811,0.118965914,0.0487037748221495,0.0046440910499999,0.0418702327293406,-0.087659096,0.089980383,0.042126998118663,0.0811824411721042,0.0359999716721332,0.024449267117177,0.2213463076610434,0.0888064564942018,-0.0009920382361157,0.5262244940926871,-1.4234453132852063,1.1571435333740765,0.5262254291869278,-0.8627868880015791,0.7699243690547116,1.6327112570562907,2,0.02,1.3903709178625865,239.03850340887365,0.7886586715056563,27.69132023229664,NORMAL,57.csv,8.530000000000001,9.53,NORMAL,ANOMALY,0.672840542202634,ANOMALY_RECORDING_SAFE_REGION
0.0599659702299999,0.8497939298674582,-1.950559378,2.200381279,0.8519070611429415,-1.2668165621,-0.59763327225,0.057376519,0.6904601605,1.347501475,2.6143180371000003,-0.0337800910599999,0.4933676786528453,-1.210975647,1.241321564,0.4945227607414235,-0.7917116407,-0.37627446625,-0.0232481955,0.2351720335,0.8355922221,1.6273038627999998,-0.17509370727,0.5975791287128734,-1.470819116,1.483911037,0.6227026749571496,-1.2053095819,-0.56214699925,-0.2293223139999999,0.173496038,0.9238933669999998,2.1292029489,1.075628857984961,0.4484189815175984,0.199164971919405,2.296323329431067,1.1653570367553938,0.4155318180131853,0.7179741616667155,1.0343620269948477,1.412798139728174,1.8451407982529895,1.4296089802398044,-0.00497243773,0.0741400197123867,-0.168629223,0.202348962,0.0743065788469084,-0.14048454378,0.0543989808616136,-0.26102252,0.011300998,0.150649116027466,-0.00544524857,0.0503935449725219,-0.124066636,0.134084819,0.0506868829864953,0.1685808783201801,0.048644335656601,0.0524286510659285,0.2801150019536169,0.1754587812754763,0.005894505734493,0.629386554956836,-1.467284599584782,1.690453223155158,0.62941415678255,-1.0386051117403488,1.108064435979323,2.146669547719672,2,0.02,1.2206944714461057,135.80570231153123,3.078578392667543,39.61621807582884,NORMAL,76.csv,0.09,1.09,NORMAL,ANOMALY,0.6051162970244295,ANOMALY_RECORDING_SAFE_REGION
-0.17228350922,0.4704376592559147,-1.236464977,0.882272512,0.5009922143061126,-0.98339301175,-0.5157764702500001,-0.1509811724999999,0.144920742,0.5525607289999998,1.5359537407499997,0.068202734,0.4809637127128727,-0.962203503,1.247223854,0.4857753656492119,-0.7215154648,-0.229760766,0.0454013345,0.308884263,1.0051939487,1.7267094134999998,0.93390833082,0.6232886962548194,-1.195681214,2.546070576,1.1227972075375103,0.05722928165,0.500843499,0.850361571,1.391258478,1.9159962624499995,1.8587669807999996,1.2036012677324732,0.5467983743883861,0.1699050415503968,2.732973550835486,1.3219850505663815,0.4227947943715854,0.7423743400073093,1.17419450460658,1.5178604115634478,2.2237378377126653,1.8009430433410798,-0.0006948534199999,0.0568216598878067,-0.172508213,0.107664919,0.056825908296136,0.0198821211499999,0.0415027228684268,-0.077885259,0.106901335,0.0460192866841361,0.00387165654,0.0307080319331946,-0.06609557,0.086131933,0.0309511380981996,0.0726272779164507,0.0320968854036966,0.0044706994931341,0.1743909946661131,0.0794035991008682,0.0079090696720584,0.5992180580652167,-1.0518704528317273,1.5353670777961086,0.5992702516348755,-0.8469565027612751,0.9986767177160342,1.8456332204773087,3,0.03,1.5293722831030128,174.76444739209984,0.6304931550171408,35.912483449452694,NORMAL,37 - Normal Road.csv,30.09,31.09,NORMAL,ANOMALY,0.6383215665960764,ORIGINAL_NORMAL
0.2845204694010317,0.5826787897068335,-1.1230123043060305,1.6160593628883362,0.6484338589882578,-0.5554198309779167,-0.1781140156090259,0.3530418826267123,0.6925207823514938,1.2469759002327916,1.802395731210708,0.0250942611694335,0.6335462246270266,-1.5960469245910645,1.653660774230957,0.6340430116977859,-1.0284814357757568,-0.3768036365509033,0.039720058441162,0.4480042457580566,0.9806898832321168,2.0091713190078737,0.3829967588186264,0.6708084801102226,-1.1009549498558044,2.0392616391181946,0.7724445185599804,-0.641128471493721,-0.1566074341535568,0.4087484925985336,0.8217825293540955,1.4822138160467144,2.1233422875404355,1.1057842501427193,0.4431576881369272,0.0616078770757542,2.266332706810568,1.191279792667769,0.447205272420388,0.8076151927095122,1.0258816392501806,1.3293309664749653,1.9935163929221449,1.5463111205017568,-0.0009920442044385,0.0922501634355741,-0.237198793888092,0.2284634299576282,0.0922554974274905,-0.0529045552383467,0.0509349371669618,-0.2163988463580608,0.0824972867965698,0.0734388166378628,0.0184169622170666,0.0445616677887128,-0.1039997283369302,0.1226311028003692,0.0482174940598997,0.1163232689638161,0.0519438198994981,0.0381728170723145,0.2497161985678424,0.1273941259563399,0.0040227399709368,0.5742403123113127,-1.4568176320208384,1.549776984616469,0.5742544024387342,-0.995053195492884,0.9988162215996954,1.9938694170925797,5,0.05,1.1605484566678488,141.91475444185627,1.6229263328179804,32.976811872026765,NORMAL,95.csv,186.09,187.09,NORMAL,ANOMALY,0.6598743483719531,ANOMALY_RECORDING_SAFE_REGION
-0.0085425605624914,0.9761183155030866,-2.167217791080475,3.154248356819153,0.976155695164223,-1.581944465637207,-0.6486099474132061,-0.1023187469691037,0.6039172355085611,1.5997136056423182,3.181658071279525,-0.2004798531532287,0.6252031267137521,-2.3685290813446045,1.157238483428955,0.6565600666907728,-1.206337332725525,-0.5738062858581543,-0.2259352207183837,0.2141841650009154,0.7232687950134277,1.9296061277389525,0.0542495733499527,0.7980571323770775,-1.619079351425171,2.122274875640869,0.799898870324603,-1.1324817389249802,-0.4585532248020171,0.0041875392198562,0.645092323422432,1.289598512649536,2.422080251574516,1.290493303831988,0.5986787935829321,0.1542640238119623,3.180667188097058,1.4225994745961057,0.4546016382672273,0.8404884658971459,1.2488221714861227,1.62535194538523,2.3324376207728577,1.8778359825056303,-0.0198757075116736,0.1394725269333605,-0.4410443678498268,0.4115396082401276,0.1408816152599996,0.0073306828240165,0.069454715697081,-0.256715927273035,0.164475343376398,0.0698405071804944,0.0196228092145902,0.0547376174443546,-0.1253799989819526,0.1672242313623428,0.0581486148154599,0.1359073238348347,0.09816204304366,0.0241469756300927,0.4826126267693376,0.1676501934578424,0.0110743220292661,0.7241381131874296,-1.8888131786139677,2.225639649517637,0.7242227886355542,-1.3118393435150275,1.2477718387690322,2.55961118228406,4,0.04,1.89017388426507,202.37892651211152,2.8106587366452,52.44986475790586,NORMAL,95.csv,10.59,11.59,NORMAL,ANOMALY,0.6222655423723754,ANOMALY_RECORDING_SAFE_REGION
0.25859392169,1.4445020587690591,-3.025717974,3.536114216,1.4674661884088045,-2.20805172915,-0.65015608775,0.095600128,1.23373653725,2.6880016569,4.896053386049999,0.01909847737,1.1735748001454385,-4.25314045,3.268310547,1.1737301918985716,-1.726312828,-0.754351437,-0.0047345164999999,0.64432907075,1.7829157590499984,3.509228587049998,-0.2035740583799999,1.425930146429638,-4.228055954,4.653079033,1.440388551656168,-2.1901247349,-1.24570317575,-0.277747214,0.7818969487499999,1.93339699395,4.123521728849999,2.188231638897812,0.9041355273221324,0.625054946482198,4.914487365503796,2.367661030899372,0.9195964909638252,1.4930471244341814,2.033457594321579,2.643392507324672,3.828256409496687,2.908659918532862,0.0055209986099999,0.1725707647106267,-0.453261659,0.388601631,0.1726590578523527,-0.04360933125,0.0795332189186887,-0.247583494,0.14080433,0.0907045020031546,0.0003069582499999,0.0894012244129956,-0.187902005,0.199600071,0.0894017513805521,0.1906727669148106,0.0983617102792684,0.0509131960342406,0.4615408116359392,0.2145486660224492,0.0072686879814725,1.1976044871970253,-2.635417179415376,3.0687407583150605,1.1976265451214003,-1.883564460905105,2.1325120527100863,4.016076513615191,5,0.05,2.7262557266059844,560.5818757239476,4.603113009201246,143.43093415794218,NORMAL,22.csv,9.59,10.59,NORMAL,ANOMALY,0.6725544846712866,ANOMALY_RECORDING_SAFE_REGION
-0.27336435682,0.8866120852377141,-3.328101397,1.741606772,0.9277979636047816,-1.66215423905,-0.8297216002500001,-0.241466269,0.39964085075,1.0786872509999998,2.74084149005,-0.15123323675,0.4892180051819763,-1.412162781,1.060731888,0.5120602977112303,-0.95757873025,-0.43946242325,-0.161495924,0.19069409375,0.6359725232499998,1.5935512534999998,-0.08826140755,1.0345176072095013,-2.283807456,3.636118889,1.038275857221567,-1.7948540718,-0.7858246715,-0.1081722975,0.53580827275,1.5867396947499994,3.3815937665499995,1.3341023907806195,0.6490010603719444,0.2341570445877981,3.868324069683438,1.4835873973077802,0.5088622630686802,0.8932477417336014,1.1547911373072606,1.6957142396367504,2.438988630387757,1.9301263673190765,-0.02366642857,0.1054118123601584,-0.296177787,0.178341973,0.1080358737934403,0.05940110205,0.0623240251232138,-0.063071789,0.180266197,0.0860974740181934,0.0097356616199999,0.0427547655250609,-0.11041381,0.118935376,0.0438492084567336,0.1323342885976255,0.059117799369294,0.0367805159205393,0.334703212392453,0.1449388772583386,0.010633481702247,0.8831119454855416,-2.6690339844777893,2.0541834867749587,0.8831759616250717,-1.3599242891534484,1.269908553203724,2.6298328423571724,3,0.03,2.5342216789028185,220.1031565450473,2.1007278140907744,77.99997791923701,NORMAL,76.csv,2.59,3.59,NORMAL,ANOMALY,0.5895854049432209,ANOMALY_RECORDING_SAFE_REGION
0.1685805985623079,1.4314248592725438,-4.0215582847595215,4.131584286689758,1.4413176422825913,-2.56607740521431,-0.5352766327559948,0.407216552644968,0.9970938488841056,2.4027208447456365,4.968798249959947,-0.0915860119073287,0.9565185863683154,-2.8272900581359863,1.5949444770812988,0.960893232177816,-1.8586971879005436,-0.6536421775817871,-0.0085179805755615,0.5813182592391968,1.3349890470504762,3.19368623495102,-0.4225551723300115,0.889440872641478,-3.701019048690796,1.1293936371803284,0.9847121100037716,-1.9153504252433775,-0.8808598220348358,-0.3083427920937538,0.2559143602848053,0.789721240103245,2.7050716653466225,1.707212299933462,1.0275195629009484,0.3218079604958598,5.423201956543199,1.9925788037586516,0.5888639999341763,0.9883633180966948,1.41288945873338,2.1982152835476385,3.800596939182352,3.2117329392481757,0.0381415339052024,0.1738333083523789,-0.3807520151138305,0.4380511403083801,0.1779685244681624,-0.0366674904045636,0.068691023679609,-0.2721707999706268,0.1536019504070282,0.0778650215868548,0.0098096917256834,0.1088264312548697,-0.1955378174781799,0.3481929153203964,0.1092676630637986,0.199762174550191,0.0988445906385331,0.0259652931471536,0.457659045117429,0.2228792935189811,-0.0008433340118786,0.9237848942329948,-2.3185679487725457,2.294297661207277,0.9237852791776456,-1.3210584778065302,1.8402385513434587,3.161297029149989,5,0.0543478260869565,3.715989656609737,365.2740666053197,4.5701165121158525,78.51089026632953,NORMAL,102.csv,213.05,214.05,NORMAL,ANOMALY,0.8240873015873017,ANOMALY_RECORDING_SAFE_REGION
0.2014494159072637,0.7845328997832904,-1.937003433704376,2.3851451873779297,0.8099837887339204,-1.1092205345630646,-0.4149375203996897,0.279758121818304,0.7583331260830164,1.329877196252346,2.4390977308154107,0.2796069622039795,0.7418813426744952,-1.3854012489318848,1.742656707763672,0.7928227922565354,-0.8638065576553344,-0.1942501068115233,0.2271335124969482,0.7935285568237305,1.546457314491272,2.410263872146606,0.2097580471634864,0.7742082109995359,-1.531369686126709,2.1602821350097656,0.8021201857134261,-1.0209898948669431,-0.3012455925345421,0.1487862765789031,0.7897807285189629,1.3157793134450908,2.3367692083120337,1.2825305451605211,0.5321220827896577,0.1509313746129964,2.8612266505704707,1.3885382638811747,0.4606901233695216,0.8832006109785746,1.2175101318501689,1.7038634735478042,2.1443655059670954,1.683675382597574,0.0251254792362451,0.1115992785996592,-0.2157879844307899,0.3176496885716915,0.1143926950937661,-0.0190327139255823,0.0687055541983777,-0.1941022828221321,0.1571449637413025,0.0712930387701301,0.0071617785042617,0.2107514151279817,-0.3390299528837204,0.7479122996330261,0.2108730662028486,0.2077553782108209,0.1395476224883977,0.0212297488502351,0.768318954538791,0.2502715247839546,0.0062479673639567,0.7265779082268254,-1.8871723030764267,1.5180486020116697,0.7266047713987642,-1.2784370131056872,1.187171374049974,2.4656083871556613,2,0.02,1.5786961054099495,192.8038510262147,6.263583611768561,52.79544938194504,NORMAL,95.csv,13.09,14.09,NORMAL,ANOMALY,0.5820552209848562,ANOMALY_RECORDING_SAFE_REGION
0.1480942876636982,0.817681379171042,-1.94203519821167,2.465106248855591,0.8309842091650572,-1.2432683989405633,-0.3586742989718914,0.1857570335268973,0.6317139491438866,1.5032077878713606,2.746476186811924,-0.0741362237930297,0.7891268014414873,-1.402109146118164,3.3268046379089355,0.792601595022091,-1.186089301109314,-0.5747553110122681,-0.1722054481506347,0.2695722579956054,1.195892882347107,2.3819821834564205,-0.4598924925923347,1.203644846687164,-3.6895980834960938,1.905112266540528,1.2885115528001123,-2.7755374133586885,-1.1153734177350998,-0.193748727440834,0.3386385142803192,1.0622161731123916,3.83775358647108,1.46685930144153,0.909581143047206,0.0592304055008183,4.407643724777157,1.7259820584272003,0.3898162549157831,0.8834411298249987,1.220723515423273,1.9141208082479848,3.279101478370953,2.88928522345517,0.0373006251103943,0.1613844279884874,-0.4363407075405121,0.4680751413106918,0.1656389755788095,0.0092142843529945,0.0529638235253832,-0.1129794418811798,0.1553123705089092,0.0537593679144926,-0.0245100330581699,0.0661361596096271,-0.2115730166435241,0.084574228990823,0.0705317894883055,0.1558986975275546,0.104865005159004,0.0225538607970049,0.4696727461131628,0.1878857982865812,0.0068829752933272,0.7886139477531645,-2.0715302796812023,1.9029665845861925,0.7886439842791673,-1.3033923676878472,1.4489938372665383,2.752386204954385,5,0.05,2.940784423335627,297.9014066012596,3.530107319778589,62.19593339397194,NORMAL,95.csv,156.09,157.09,NORMAL,ANOMALY,0.7864536055375448,ANOMALY_RECORDING_SAFE_REGION
0.13437842592597,0.3521221885653894,-0.8570791482925415,0.969104826450348,0.3768920230442946,-0.4799032963812351,-0.0781305870041251,0.1508740196004509,0.3605945743620395,0.7066909387707709,1.186594235152006,-0.0539693975448608,0.2734029146801042,-0.7318553924560547,0.567286491394043,0.2786787570428209,-0.5460786104202271,-0.2660214900970459,-0.0330059528350829,0.1419618129730224,0.3884419679641722,0.9345205783843992,-0.3987981182336807,0.3280873116364336,-1.3943940997123718,0.4883333444595337,0.5164118735694864,-0.9626493453979492,-0.5703236907720566,-0.3920975476503372,-0.2188000231981277,0.1019057527184485,1.0645550981163978,0.6509744655421562,0.25024570932786,0.151661457312545,1.4110799417593014,0.6974171419064059,0.262493467901561,0.4736502832188974,0.6192490596035487,0.784280512318076,1.092050224585821,0.82955675668426,0.002052810922556,0.0382732689263907,-0.089613863825798,0.0997236724942922,0.0383282812945688,0.0397514146768662,0.0317895259473902,-0.0394313220633193,0.1246469594538211,0.0508994000826332,-0.0045891215737938,0.0194715912464833,-0.0512820996344089,0.0501214548945426,0.0200050719191206,0.0616531872750128,0.0256689204503996,0.0085820522945143,0.1328780667115754,0.0667832986476166,-0.0004460127021376,0.3222368063517449,-0.9333298627823609,0.6822442633469861,0.3222371150179669,-0.5030698949337048,0.4893624588564282,0.992432353790133,2,0.02,0.7601054762171452,48.63906698248999,0.4460008978256752,10.383675829510244,NORMAL,95.csv,177.09,178.09,NORMAL,ANOMALY,0.744033462033462,ANOMALY_RECORDING_SAFE_REGION
-0.2689885647967457,1.1246821627082684,-2.6264243125915527,2.37884783744812,1.1564016668552328,-2.1806689023971555,-0.9716223329305648,-0.2519778497517108,0.2721147164702415,1.667762148380279,3.8484310507774335,0.0886025285720825,1.0785559507608729,-2.779862403869629,2.959902763366699,1.0821891456631123,-1.7008837461471555,-0.6541434526443481,0.1843965053558349,0.8341786861419678,1.7723054409027097,3.473189187049865,0.1003800609707832,1.4231378696919772,-3.460014581680298,3.8259336948394775,1.426673597145443,-2.1003121554851534,-0.8659297525882721,0.0706577152013778,0.9475349113345144,2.4414066374301897,4.541718792915344,1.932892522997874,0.8987336699086381,0.2455350967929973,4.132195144342277,2.1316180978047017,0.5857825539370904,1.235150480205979,1.9307760528355824,2.5566248679394143,3.630497905950027,3.0447153520129366,0.0135477595329284,0.2463369562886808,-0.547334834933281,0.5062236309051513,0.2467092171402063,0.0048102547804301,0.0982134041977378,-0.2448040649294853,0.2072358779609203,0.0983311309563806,0.0015690064649097,0.1116470815365575,-0.3775755167007446,0.2490495681762695,0.1116581058271976,0.2563493163837943,0.1314800734848188,0.0612118283814184,0.5646482933668812,0.2881006451468167,-0.0081829600217557,1.1852856959823626,-2.787617834256362,3.3712588807337376,1.1853139423524517,-1.8937251765902792,2.042166231905818,3.935891408496097,5,0.05,2.199302621344403,454.3795714888536,8.300198173401203,140.49691419351112,NORMAL,91.csv,72.09,73.09,NORMAL,ANOMALY,0.769398560048056,ANOMALY_RECORDING_SAFE_REGION
-0.6876827757060527,0.6635551657098462,-2.2732449769973755,1.0164987444877625,0.955621817427272,-1.6581800222396847,-1.179615654051304,-0.7048432976007462,-0.2736897319555282,0.5529776155948638,2.2111576378345488,-0.0490293192863464,0.6790453691762256,-1.9565660953521729,1.5163507461547852,0.6808131076509609,-1.1116571784019469,-0.4775593876838683,-0.0582413673400878,0.3434045314788818,1.2055379867553713,2.317195165157318,0.3281492733955383,0.5750205763871538,-1.3087273836135864,1.537709355354309,0.6620654113444034,-0.5709266364574432,-0.0978123992681503,0.3671406209468841,0.6794047132134438,1.3034391731023784,1.8743658095598217,1.24793077733697,0.5076602499370436,0.1191875947575853,2.400972941500415,1.3472379724425063,0.4459140452051481,0.8315784696788936,1.1990848372082965,1.6165488335591154,2.0555211909771067,1.6096071457719583,-0.0066520119745837,0.0923692581258095,-0.2081216275691986,0.2254091016948223,0.0926084721287552,0.0148965485390217,0.0487118170015107,-0.0957530550658702,0.1129183553159236,0.0509386716941471,0.015437774619233,0.040630624681155,-0.1056796070188283,0.103816470503807,0.0434646125851263,0.10300971812197,0.0494898767789327,0.0074094896987186,0.2372090527614109,0.114281450512153,-0.0003219280510441,0.6111141236356904,-1.3887004490473815,1.3270245362509725,0.6111142084297239,-1.0044744015058753,0.9949010350286064,1.9993754365344816,3,0.03,1.1530421641634447,181.5050154390996,1.3060249931161674,37.3460575744688,NORMAL,95.csv,194.59,195.59,NORMAL,ANOMALY,0.5598976092515549,ANOMALY_RECORDING_SAFE_REGION
-0.0177107603475451,1.1205179868656834,-2.574686288833618,2.386784315109253,1.1206579451026133,-1.8801696866750717,-0.7394528985023499,0.0074031800031662,0.7165989316999912,1.7457702636718746,3.625939950346946,-0.0830412364006042,1.185347964404155,-3.592690944671631,2.612456798553467,1.1882531900483224,-2.234606873989105,-0.7346792221069336,0.0335774421691894,0.7114080190658569,1.7365600347518917,3.971166908740997,-0.0658538326621055,1.6588835033417004,-4.509358882904053,3.042948842048645,1.660190111082319,-2.661057943105697,-1.3545929342508316,0.2247240096330642,1.1160641685128212,2.511416894197464,5.172474837303161,2.148163653237582,0.8996910566556242,0.6954138173380057,4.957915816872136,2.328959226460856,0.8382505051345036,1.5211184385915524,1.906098709071866,2.650516180723341,3.876137676126671,3.0378871709921675,-0.0047412266331375,0.2663718211917767,-0.6247619539499283,0.5705476999282837,0.2664140130605195,-0.0005061013615049,0.1105400090191904,-0.2327394783496856,0.2962999612092972,0.1105411675917656,-0.020152429258509,0.0798728862540451,-0.1768453568220138,0.1994473524391651,0.082375957436444,0.2591143752548842,0.151133434379701,0.0396647217713444,0.6459939464115299,0.2999692891799631,0.0101054609623624,1.2600413054712312,-2.777830554348609,3.7277313583007103,1.2600818274361816,-1.8417972750171143,2.2898399153690305,4.131637190386145,5,0.05,2.809752163634554,542.4051078517149,8.998157445113234,158.7806211834907,NORMAL,95.csv,16.09,17.09,NORMAL,ANOMALY,0.6397826691354159,ANOMALY_RECORDING_SAFE_REGION
0.30228625849,1.6359921767576366,-4.62353754,4.370399237,1.6636848813654808,-2.26702259815,-0.61661732975,0.303421453,1.284843266,3.009133731949999,5.276156330099999,-0.0458514929099999,0.7741817813863849,-1.720088005,2.014933586,0.7755383872076688,-1.1947281715,-0.70431256325,0.0207951065,0.4058290719999999,1.1570013280999998,2.3517294996,-0.14971554129,1.4692943701922394,-4.228055954,2.692943811,1.4769023967691186,-2.3641810537000003,-1.4285771994999998,-0.1290124355,0.87511030225,2.0293935506,4.3935746043,2.1727869673163083,0.9107934226593386,0.3873871804439555,4.964771620161744,2.355960072687802,0.9577601044978348,1.5323753620460223,2.0446512812622872,2.643392507324672,3.750385550853358,2.792625446355524,-0.00159619436,0.1892706124248626,-0.453261659,0.388601631,0.1892773429761667,-0.04021872634,0.0810971546946797,-0.213008547,0.194193914,0.0905223422586083,-0.0015457983899999,0.0908343147688367,-0.220888707,0.335364759,0.090847466845183,0.2080445303370658,0.0948205813160753,0.0507147737255179,0.4598329188016742,0.2286339197150955,-0.0003911474542179,1.334774397156576,-3.1345257492055447,3.1523720938465942,1.3347744544682565,-2.0581237614948904,2.399008384141158,4.457132145636049,5,0.05,2.791984652845436,555.0547864099113,5.227346924428874,178.16228443010314,NORMAL,22.csv,9.09,10.09,NORMAL,ANOMALY,0.6816115431312529,ANOMALY_RECORDING_SAFE_REGION
-0.5574717505276203,1.0320926178010252,-3.1063419580459595,1.8375588357448576,1.1730259691736165,-2.132434552907944,-1.2485037967562675,-0.598893016576767,0.020296424627304,1.4041128814220425,3.536547434329986,0.0994848585128784,0.9367401292122868,-2.5549750328063965,2.025299072265625,0.9420081245668632,-1.4241441488265991,-0.5727372169494629,0.11513352394104,0.6485909223556519,1.7044076204299927,3.128551769256592,0.1088377675414085,1.414151313321027,-3.510093688964844,3.986587524414064,1.4183333869760604,-2.008151969313621,-0.9139564260840416,0.075731873512268,1.013740435242653,2.627942770719528,4.636094740033149,1.9064790432326948,0.8002352687998784,0.353900916267259,4.32818844136288,2.0676167023209757,0.5977005389240103,1.3871175864926968,1.7823640073482434,2.3120945885324264,3.4993475862437884,2.901647047319778,0.0077564554484561,0.2609351676535882,-0.6201804578304291,0.635452076792717,0.2610504248598919,0.0359411455258377,0.0966605501630341,-0.2583958096802234,0.2357938066124916,0.1031262716262441,0.0016774344686709,0.0706937767740684,-0.1959348805248737,0.1582139767706394,0.0707136752048605,0.2460083132228771,0.1525210998690779,0.047124625452847,0.6696985528782979,0.289452545471686,0.01226839646195,0.9559445965985413,-2.5209406952128366,2.456252146380729,0.956023318396416,-1.434944371376337,1.5250689518144824,2.9600133231908194,5,0.05,2.4217093981301847,427.5038827716665,8.378277608003847,91.39805853176952,NORMAL,95.csv,19.09,20.09,NORMAL,ANOMALY,0.668034096540787,ANOMALY_RECORDING_SAFE_REGION
0.1544533471018075,1.0889564594905077,-1.8708226084709167,3.4365285634994507,1.099855448273569,-1.5249355405569076,-0.7297537364065647,0.175565481185913,0.7879369705915451,2.050859412550926,3.5757949531078337,0.0824055647850036,0.98759541084146,-2.376244306564331,1.946561336517334,0.9910274328305184,-1.6247177004814148,-0.5786316394805908,-0.0153179168701171,0.954796552658081,1.519135332107544,3.143853032588959,0.1363132406771183,0.9858768502826868,-2.764339089393616,2.710390329360962,0.9952559788854368,-1.4467271357774734,-0.6088509187102318,0.1902692541480063,0.7466852143406868,1.8633139818906777,3.3100411176681512,1.6340663426796036,0.7156668435442672,0.3574040376658701,3.458863199937181,1.7839147522308654,0.50353637176973,1.1430658575708506,1.520329742330215,2.154200916098572,2.830336982859444,2.326800611089713,0.003048520574448,0.1736189576676916,-0.566271647810936,0.7113520354032516,0.173645719611249,-0.0144664998612934,0.1032712751183226,-0.3784307315945625,0.2371682561933994,0.1042796043471641,-0.0096724331360455,0.0828620975638909,-0.2486830472946167,0.1646280586719513,0.0834247156150924,0.1891443593813063,0.1105041461294731,0.0536813637682206,0.8343813765325481,0.2190587934723659,-0.0004281396626852,0.8636943898602433,-1.500460218897016,2.596916675601097,0.8636944959762269,-1.3704804635122092,1.3287989362681096,2.699279399780319,4,0.04,1.8247968572575772,318.235184322691,4.798675499756868,74.59681823796286,NORMAL,91.csv,76.59,77.59,NORMAL,ANOMALY,0.5256487531877966,ANOMALY_RECORDING_SAFE_REGION
-0.0781329753343016,0.811407450579585,-1.9306080341339111,1.349045217037201,0.8151606054579994,-1.5563071250915528,-0.6953807026147842,0.1285916101187467,0.4783080480992794,1.1099219352006913,2.666229060292244,0.0388264989852905,0.7536386168943181,-1.6209087371826172,1.950547218322754,0.7546380999511193,-1.0927756071090695,-0.5079500675201416,-0.0544457435607909,0.5004119873046875,1.514208221435547,2.6069838285446165,-0.5323760763555765,0.7280154490024693,-1.8450490236282349,1.742448791861534,0.9019039753000458,-1.5080422282218933,-1.0468226224184036,-0.5745696052908897,0.0155940875411032,0.787923644483089,2.2959658727049823,1.309263962265749,0.5772556906282557,0.2536716717144429,3.002974685130571,1.4308725503169433,0.363536527977834,0.9266247392574156,1.2642274109995169,1.648095738526841,2.200321038343945,1.836784510366112,0.0162798518969211,0.200666814336617,-0.3375027924776077,0.6302597522735596,0.2013261134423253,0.0314540382108025,0.1709754446833665,-0.2950171411037445,0.8538362234830856,0.1738446410000652,-0.0017696752938936,0.0930512369359288,-0.2674976915121078,0.2495382614433765,0.0930680635124218,0.219787090917289,0.1763787466513499,0.0170248627868743,1.0090005972042535,0.2818081397053424,-0.0030027550538745,0.4847297100939002,-1.0700602501581669,1.653570964984943,0.4847390105877905,-0.8301216688669382,0.7158979973381807,1.5460196662051189,3,0.03,1.693710722864822,204.7396255250513,7.941582760418577,23.49719083856301,NORMAL,102.csv,132.05,133.05,NORMAL,ANOMALY,0.8007777777777779,ANOMALY_RECORDING_SAFE_REGION
-0.1759948294609785,1.5712234842861732,-4.238735198974609,4.4403159618377686,1.5810494671481286,-2.745456671714783,-1.1759709566831589,-0.2119543999433517,0.9310447573661804,2.412292110919952,5.157748782634736,0.0581177234649658,1.2567314303953132,-3.415727138519287,2.942700386047364,1.258074543866221,-2.0174388527870177,-0.7708127498626709,0.042668342590332,0.8562918901443481,2.2316619634628294,4.249100816249847,-0.0127715203166008,1.2573903771846358,-4.43799901008606,3.811287045478821,1.2574552367252354,-1.6963051289319993,-0.8248672038316727,0.0342403650283813,0.8370000123977661,2.075498199462891,3.77180332839489,2.155875141636914,1.0079012955311222,0.2555956883636302,5.896833860384726,2.3798450890470373,0.7631607233708047,1.5626193360582064,1.9770837328208453,2.711903275550256,4.046015884436232,3.282855161065428,0.0030469935499859,0.3193889501746877,-0.8447649002075195,0.6522508561611176,0.3194034841127798,0.0073584774688933,0.1234692108533276,-0.329103398323059,0.3190241381525993,0.1236882905508993,0.0019147557520773,0.1146741241185573,-0.2301127642393112,0.299781896173954,0.114690108692722,0.3184988252058843,0.1703810384321168,0.0539386463033554,0.8858478489956592,0.3612079732158952,-0.0140850735644285,1.2574144488347352,-3.112880186793393,3.4787571731621547,1.2574933341515877,-1.9552508929128551,2.058802541686193,4.014053434599048,5,0.05,3.740958718747812,566.36626478613,13.047119991473492,158.12894854356765,NORMAL,91.csv,71.09,72.09,NORMAL,ANOMALY,0.8292848854173414,ANOMALY_RECORDING_SAFE_REGION
0.0349042448401451,0.890375450448431,-2.418092727661133,2.1902880668640137,0.8910593409358926,-1.440268582105637,-0.5808409750461578,-0.0446068048477172,0.5627480000257492,1.664677730202675,3.104946312308312,-0.1830142664909362,0.9827323671554036,-1.7548565864562988,2.7383413314819336,0.999628494588904,-1.1736356258392333,-0.8263232707977295,-0.4257528781890869,0.0197192430496215,2.089068055152893,3.2627036809921264,-0.7895097924768925,0.6562830571522424,-1.8448383808135984,1.151253342628479,1.0266611726962305,-1.708180183172226,-1.2227906733751297,-0.8819895386695862,-0.4538832362741231,0.6017611399292944,2.30994132310152,1.5753137833305593,0.6047011855734575,0.3955307734997487,3.139958651239406,1.6873876376770054,0.7460640974276235,1.1632604280106411,1.534047450439295,1.8531772302578715,2.7785391507733674,2.032475053345744,0.0362853678610263,0.0823437546396727,-0.1861610412597656,0.2650542259216308,0.0899840088513988,0.0376747798762589,0.0397142719301092,-0.08338304143399,0.1250134751200676,0.0547413229075004,0.0054666287349173,0.0704037315793847,-0.1450498431921005,0.2182925254106521,0.0706156459294077,0.1141228481312352,0.0552836256686765,0.0178762769590525,0.2674831663932077,0.1268081374859647,-0.0194984030076815,0.5099374317748697,-1.4471436976864984,1.3761855191500385,0.5103100744106468,-0.8237878266532682,0.7590206057768728,1.582808432430141,5,0.05,1.5646448679088467,284.7277039785185,1.6080303732659336,26.041637204499988,NORMAL,95.csv,98.09,99.09,NORMAL,ANOMALY,0.9069444444444443,ANOMALY_RECORDING_SAFE_REGION
-0.1530785470455885,1.0364782575219018,-2.384738683700561,2.3817259073257446,1.047721441930643,-1.8061727374792091,-0.8669470511376858,-0.1427899152040481,0.5687460601329803,1.653415942192077,3.4595886796712865,0.0078996777534484,0.8877047221530429,-1.8239591121673584,2.499510765075684,0.8877398710441136,-1.3254116296768188,-0.6526848077774048,-0.1678535938262939,0.5650743246078491,1.5784690618515014,2.90388069152832,0.3573087325692177,1.1179363019822708,-2.278929352760315,3.7979249954223633,1.1736486295565702,-1.3804539054632186,-0.4193952828645706,0.3615139871835708,1.0973855927586555,1.9850615382194516,3.36551544368267,1.667298970679968,0.6952463926926771,0.1596534794829752,3.899910069284614,1.806447730819428,0.6656490871830149,1.1657438677121332,1.6830603831049584,2.095142572400918,2.74988560792766,2.084236520744645,-0.0148812766937189,0.1540865265371556,-0.5094001352787018,0.2770271748304367,0.154803456215682,0.0391448259195894,0.0769519931886684,-0.1613599330186844,0.2093128144741058,0.0863361259959226,-0.008031344751791,0.0565242034041953,-0.1498145908117294,0.1107192393392324,0.0570919264782768,0.1606842620669955,0.0941174410047921,0.0278274722776494,0.5555412014182767,0.1862190236718724,0.0023610742054733,0.7861983615273361,-1.5520428537658242,1.965660332321685,0.7862019068532405,-1.2310624830887056,1.3394215035398438,2.5704839866285494,2,0.02,2.2326110986046457,326.325340418266,3.467752477730538,61.81134383396716,NORMAL,95.csv,150.59,151.59,NORMAL,ANOMALY,0.5470994597086161,ANOMALY_RECORDING_SAFE_REGION
-0.0445699127499999,1.45287167934779,-2.895172238,3.102279067,1.4535551567702585,-2.1410357655,-1.17235556275,0.003273375,0.9120341095,2.5635140721,4.7045498376,0.04843383549,0.9582363762763304,-2.51600194,2.546290398,0.959459633981266,-1.6668864015,-0.426624775,0.0095624925,0.697812796,1.4525644303499998,3.11945083185,-0.02491709143,1.4936915632565406,-4.254511595,3.598776221,1.493899376661326,-2.5187497916000003,-1.066146523,0.145284638,0.8017110675,2.150561094699999,4.6693108863,2.13741013900568,0.8346248428352074,0.3119071716265009,4.692394421578958,2.294585088987108,0.8576421788957325,1.622164210586229,2.03428553751356,2.6517899699739638,3.5726843533894006,2.715042174493668,0.00612331241,0.1808522056199274,-0.597944987,0.403262389,0.1809558377960296,-0.00378277972,0.0999550279225105,-0.278248902,0.217406777,0.1000265816140885,0.00414838436,0.0903484920343408,-0.220216751,0.217315143,0.0904436791914042,0.1999880581620363,0.1045713534392592,0.0456225417750687,0.6092664514306753,0.2256776270868261,0.0082529462591181,1.0919733497076287,-2.8395877268571827,2.998977314584507,1.0920045364345583,-1.6852414771764803,1.7025277966770676,3.387769273853548,2,0.02,2.554984282573278,526.5120730601975,5.093039136754054,119.24739075936547,NORMAL,22.csv,2.09,3.09,NORMAL,ANOMALY,0.6848759368696414,ANOMALY_RECORDING_SAFE_REGION
0.3833315760699999,1.71151981303477,-3.901005626,5.330334187,1.7539222239377903,-2.5528526066,-0.7958570457499999,0.5071090085,1.612503961,2.6369815885999994,5.1898341952,-0.02727052692,0.9370808445666944,-2.762656689,3.24911499,0.9374775682075406,-1.43068268275,-0.64273715025,-0.057892084,0.508220434,1.4691548106,2.89983749335,0.01052171902,1.2480594013408617,-3.804308891,3.557409525,1.2481037520360416,-1.9300860409,-0.6506809445,-0.0046045924999999,0.729240794,2.19668880675,4.126774847649999,2.128947172483718,0.9901789086499648,0.2916467469464279,5.514341736007919,2.347950241031877,0.8145662404673942,1.339234549858007,2.009562283562952,2.6327400974766344,4.107585015499893,3.293018775032499,3.451392999999775e-05,0.1930507132990966,-0.560804415,0.537652636,0.1930507163843257,-0.0318080332599999,0.1070056855767538,-0.304638261,0.291993365,0.1116331838013248,0.0023371686365099,0.1038593314388771,-0.251370851,0.252287152,0.1038856250121546,0.2172531680014086,0.115428899759287,0.0297854834953887,0.624069595894157,0.2460137595873202,-0.0001893472477031,1.3012164294665574,-2.9568103946635658,3.04527756232273,1.3012164432430435,-2.048464159823887,2.0052205345876204,4.053684694411508,5,0.05,3.3853945635242004,551.2870334361652,6.052276990628778,169.3164232166077,NORMAL,22.csv,7.09,8.09,NORMAL,ANOMALY,0.9070578976672453,ANOMALY_RECORDING_SAFE_REGION
-0.4303954854607582,1.0282020065903272,-3.1547106504440308,2.483219087123871,1.1146477651085014,-2.2329242497682573,-1.121530960313976,-0.4023774564266205,0.318704342469573,0.980680626630783,3.213604876399041,-0.0099366617202758,0.5587471580348162,-1.4987387657165527,1.1306548118591309,0.5588355069768985,-0.7994112968444824,-0.4388569593429565,-0.0280437469482421,0.4461251497268676,0.9444434404373168,1.7438547372817992,-0.1428969983756542,1.0064301939745683,-2.333391010761261,2.6718581914901733,1.016524120465648,-1.587670040130615,-0.8969317451119423,-0.2104756087064742,0.6066492013633251,1.493971905112266,3.0816419452428807,1.451429552428157,0.6938373771613655,0.1785792971242302,3.486906869215985,1.6087442467987143,0.4678470217429148,0.914102109354819,1.3989355005125157,1.8758375979426145,2.7903237167646857,2.322476695021771,0.021864988691188,0.1451236564909737,-0.2690859287977218,0.3283398225903511,0.1467615528800915,0.1405633458871161,0.0965485166539561,-0.0562911890447139,0.3388161599636078,0.1705276232024017,0.0047644397006515,0.0835407416352552,-0.2534477949142456,0.233411431312561,0.0836764925091247,0.225975538350984,0.0809656417528368,0.0790196558726137,0.4179599876028352,0.2400424526567453,-0.0065011894026741,0.8984664360198515,-3.1389829690364777,2.3480847528963564,0.8984899566037805,-1.560468764314629,1.3349524898253016,2.895421254139931,4,0.04,2.035477316787828,258.80580516079635,5.762037907746581,80.72842021178634,NORMAL,102.csv,188.05,189.05,NORMAL,ANOMALY,0.6103052234109502,ANOMALY_RECORDING_SAFE_REGION
0.4987321396599999,1.0533408756599498,-2.387416482,4.279578447,1.1654444420331291,-0.8564425094,-0.11278063625,0.356462799,0.90442901825,2.57002751835,3.42647002775,0.1298479127899999,1.1923992280636828,-2.854720592,4.404061317,1.199448373021026,-1.44112641775,-0.4958175422499999,-0.038577795,0.6631516215000001,2.0767644171499997,3.5178908348999998,-0.40686236146,2.0872831392546045,-6.587935209,5.594862342,2.126567159670572,-4.539280128050001,-0.75411279675,-0.2439948579999999,0.16258640575,3.24868803015,7.7879681582,2.0959592537163814,1.7106080317707897,0.2476270341021337,6.863280907858114,2.7054066296211485,0.4045340166606052,0.7221209447519288,1.500888019460921,3.1275668364716505,5.53236071939182,5.127826702731214,-0.014420381,0.3429100091663641,-0.92210038,0.907439637,0.343213085086599,-0.03113791768,0.2128983361513948,-0.666178584,0.561170942,0.2151633599232889,0.02089615689,0.0899098184334946,-0.229135375,0.228891033,0.0923061472682912,0.2853386855261147,0.3019813778925521,0.0059828120586402,1.082214600386045,0.4154647013305165,0.025972443242275,1.3749044857995896,-3.042969119319705,5.0027596332801645,1.375149778344093,-2.7777007089059853,2.834068295984965,5.611769004890951,7,0.07,4.767321654141732,731.9225031598062,17.261091805165528,189.10369128798072,NORMAL,57.csv,9.53,10.53,NORMAL,ANOMALY,0.6722857142857144,ANOMALY_RECORDING_SAFE_REGION
-0.0399098486299999,1.416006693731744,-2.895172238,3.515308738,1.4165690073945478,-2.62073594285,-0.9824236855,-0.1401537355,0.875398487,2.4106622693499995,5.031398212199999,-0.03197533133,0.9211134923177908,-2.51600194,3.189713478,0.9216683175326904,-1.5305728670499998,-0.546567321,-0.0103452205,0.4789645675,1.3500000478999998,2.88057291495,-0.0436525878,1.1705435204952497,-4.254511595,3.598776221,1.1713571965011564,-1.9578682332,-0.6441586055,0.0965275915,0.6045205742499999,1.8517490269,3.8096172601,1.8608305584205045,0.874944315312579,0.5124265152805334,4.692394421578958,2.0562630965052517,0.7386938890693017,1.1213447778621262,1.6969341936235751,2.4812523487707203,3.350202701954684,2.611508812885382,0.00910005678,0.1543236395214296,-0.597944987,0.403262389,0.1545917098312176,-0.0111608048,0.0975971933263055,-0.26493206,0.217406777,0.098233271903953,0.01979110435,0.1436895891337998,-0.296116695,0.539240897,0.1450461507136015,0.1996749390191993,0.121312311914361,0.0396067148179586,0.6092664514306753,0.2336380925584014,0.0195792270644114,1.0094990624322986,-2.8395877268571827,2.998977314584507,1.0096889140641931,-1.5853106878747023,1.551630389708097,3.136941077582799,5,0.05,2.831563863158453,422.8217922049364,5.458675829432817,101.94717031841296,NORMAL,22.csv,1.59,2.59,NORMAL,ANOMALY,0.7167725149256141,ANOMALY_RECORDING_SAFE_REGION
0.0171063797920942,0.8676350782173655,-1.7680431604385376,2.347297430038452,0.8678036973779526,-1.340276545286179,-0.6507512480020523,0.017251193523407,0.5245964862406254,1.5273132950067516,2.86758984029293,0.0075908875465393,0.5980831577963912,-1.819965124130249,1.3806633949279783,0.5981313277311657,-0.8653332948684692,-0.3938171863555908,0.039703607559204,0.3989670276641845,0.8772967338562011,1.7426300287246703,0.0061061379313468,0.917169002666658,-2.377580642700196,2.0947858095169067,0.9171893285320042,-1.4273643642663951,-0.6141149252653122,0.0210005417466163,0.6756513677537441,1.4923095315694803,2.919673895835876,1.2611290678301408,0.6013601924330885,0.1741731981586406,3.169702758478464,1.3971687824916792,0.4606453772264055,0.8263502237104374,1.2118131020111798,1.6287106978685864,2.367509998418624,1.9068646211922184,-0.0210308525171712,0.1507020390383703,-0.4300488010048866,0.3097084462642669,0.1521624175935749,0.126011935634131,0.0857905101158487,-0.051892963796854,0.3573558926582336,0.1524434962476193,-0.0454300137639947,0.0800458131815295,-0.2788597717881202,0.1432477869093418,0.0920392218485634,0.2114755189079408,0.1007062269039291,0.0422937396999982,0.5180680328279917,0.2342298854429308,-0.0067562014010692,0.7513151284870465,-2.2410685395366805,1.603423992757562,0.7513455054439862,-1.1556915042813751,1.1790296549924697,2.334721159273845,4,0.04,1.9085736906483228,195.2080606769281,5.486363923460849,56.4520068550879,NORMAL,102.csv,191.55,192.55,NORMAL,ANOMALY,0.7537115039675177,ANOMALY_RECORDING_SAFE_REGION
0.1819510275125503,0.5723188500149019,-1.3418580293655396,1.653946876525879,0.6005456206611223,-0.764518466591835,-0.1925213932991027,0.124708205461502,0.5737188719213009,1.112810507416725,1.87732897400856,-0.0842540121078491,0.334078715760209,-0.9282722473144532,0.7533459663391113,0.3445392965689982,-0.653061819076538,-0.2807402610778808,-0.0745675563812255,0.0847634077072143,0.4572032690048216,1.1102650880813596,0.1130214734375476,0.4566936675029013,-1.1765555441379547,1.3018200397491455,0.4704709974007376,-0.6373023211956024,-0.1399784311652183,0.1362228095531463,0.4026549682021141,0.7778624266386029,1.415164747834205,0.7580525760766865,0.3550515746680435,0.0380674052557131,1.6957536593499989,0.8370814349695958,0.2313785060423335,0.5387845344287365,0.7159638239142864,0.9964753198109662,1.3620697171393712,1.1306912110970375,-0.0318752294856239,0.0599737073406385,-0.1647807732224464,0.1497229591012001,0.0679181553558528,-0.0712769242281064,0.0400519896368415,-0.167682385072112,0.0146607548231258,0.0817591695242123,-0.0154747319988382,0.0434029939960902,-0.1496007815003395,0.0734564894810319,0.0460791408151292,0.1096236518969295,0.0374617110029958,0.0198166546861041,0.2146947011194181,0.115847852144488,0.0015311206489424,0.4747932724565598,-1.2896660317607025,0.999041923345462,0.4747957412408526,-0.753813371226334,0.7107496009794293,1.4645629722057634,3,0.03,0.9377010832733124,70.07053287707576,1.3420724846491163,22.543099590045067,NORMAL,102.csv,195.05,196.05,NORMAL,ANOMALY,0.658157646563079,ANOMALY_RECORDING_SAFE_REGION
-0.2131050677224993,0.5351072146181594,-1.6932255029678345,0.9018102884292604,0.5759804693089999,-1.122470200061798,-0.6017127856612206,-0.2235704287886619,0.1725631430745124,0.589610082656145,1.712080282717943,-0.0266154098510742,0.4452201189684647,-1.013936996459961,1.0734210014343262,0.4460149486013159,-0.6557796478271485,-0.3744118213653564,-0.0510230064392089,0.2491112947463988,0.6919456958770752,1.3477253437042238,0.0749628967046737,0.6357676902857712,-1.4210991263389587,1.9969733953475952,0.6401718455958992,-0.9638450652360916,-0.3053929805755615,0.0563538074493407,0.4384327754378319,1.0738317400217057,2.037676805257797,0.8931087744688917,0.3779676497553526,0.2652679249675883,2.005374549036488,0.9697952501919724,0.3630766074591721,0.6027559137797497,0.8495631073262915,1.1348079699664244,1.6306517119720496,1.2675751045128776,-0.0125438026901683,0.0938697059620541,-0.2561050578951835,0.2519817315042019,0.0947041112271921,-0.0275527505514037,0.0545566841506173,-0.1372918635606765,0.1099556609988212,0.0611194392027455,-0.0159869420912873,0.0299277651451276,-0.0926987286657095,0.059650944918394,0.0339301259062222,0.1040848333619124,0.0549732247537425,0.0188219223628197,0.2862013219941529,0.1177102713266882,0.0008684671154273,0.4748018857559982,-1.733343804271856,1.431075859595926,0.4748026800183236,-0.6734698177390162,0.8595084452682406,1.5329782630072568,5,0.05,1.112265774567596,94.05028272949104,1.3855707975802574,22.543758495258256,NORMAL,95.csv,180.59,181.59,NORMAL,ANOMALY,0.5930707433029764,ANOMALY_RECORDING_SAFE_REGION
-0.0521966065328145,1.1739855560585235,-3.1255011558532715,3.176117300987244,1.1751453406143355,-2.070367431640625,-0.8027849644422531,-0.037824735045433,0.6860958561301231,1.8565121173858643,3.9268795490264896,-0.0192477457302132,0.530317189495427,-1.6161456108093262,1.2971220016479492,0.5306663708866651,-0.9613735198974608,-0.3352985382080078,0.0339417457580566,0.3613276481628418,0.807106113433837,1.7684796333312978,0.0637129731092256,0.711524265911745,-1.800842046737671,1.4557975232601166,0.7143711387812812,-1.2710017204284667,-0.3309424221515655,0.1094611585140228,0.5604799389839172,1.0791068315505972,2.350108551979064,1.330084843241555,0.6354319809864459,0.1647051471118701,3.416878513753625,1.4740758096791595,0.426114007311972,0.8228311173106276,1.2840928105868827,1.6735859808711138,2.363404306673351,1.9372902993613792,-0.0050982017851207,0.0825051060147464,-0.2307236224412918,0.2130085468292236,0.0826624714120401,0.024309899288466,0.0804784801773561,-0.154029555991292,0.2419024519622326,0.0840699528670765,-0.0119408319153962,0.0914617375544837,-0.1941022835671901,0.1950185820460319,0.0922379146735061,0.1383220706655012,0.057233546326817,0.0354218486385786,0.2931142184478875,0.1496952706612197,-0.0007233572171421,1.0015699439917083,-2.213713123386892,2.239820223455699,1.0015702052044169,-1.6339244643105808,1.5171061193818274,3.151030583692408,3,0.0309278350515463,2.0867936705120704,210.7712507900833,2.173641383658575,97.30485896746212,NORMAL,102.csv,202.05,203.05,NORMAL,ANOMALY,0.5770345345345346,ANOMALY_RECORDING_SAFE_REGION
0.082223632466048,0.3200235172390347,-0.8570791482925415,0.969104826450348,0.3304175802253181,-0.4209847092628479,-0.1211097305640578,0.0893888818100094,0.2423196863383054,0.6650674067437647,1.0860521160066128,-0.0554245424270629,0.2647450964863345,-0.7318553924560547,0.567286491394043,0.2704844653890642,-0.4827494144439697,-0.2519972324371338,-0.0476233959197997,0.1244699954986572,0.3560037374496458,0.8387531518936155,-0.3857102841138839,0.3745089500507548,-1.4200596809387207,0.7199289202690125,0.5376145244869523,-1.005099381506443,-0.6283382549881935,-0.3982377201318741,-0.1769838966429233,0.2340685203671455,1.2391679018735886,0.6305036748330907,0.2717206585816811,0.1002705496165555,1.5405275060505594,0.6865617235748686,0.1856839748371372,0.4459635271316171,0.6298139780418595,0.7818728362132787,1.081295119503581,0.8956111446664436,0.0056013245593348,0.0351878998697692,-0.0758083187043666,0.1025641947984695,0.0356309294583219,0.0691346215142402,0.0244887152646086,-0.0033597563160583,0.1246469594538211,0.0733436641246421,-0.0065444998201419,0.0211708592309857,-0.0512820996344089,0.0501214548945426,0.0221593266701417,0.081037798628654,0.023932554255407,0.0166352173217674,0.1381939165897076,0.0844978813921762,-0.0030975779711954,0.3656545458131585,-0.7520898783375856,1.1787583075629122,0.3656676658704115,-0.5464039295510673,0.5941295806569664,1.1405335102080336,2,0.02,0.9100238312174688,47.13670002780943,0.7139891959766292,13.371284186311488,NORMAL,95.csv,176.59,177.59,NORMAL,ANOMALY,0.6131746031746033,ANOMALY_RECORDING_SAFE_REGION
-0.0480112125724554,0.6327986879359044,-1.273918867111206,1.773245334625244,0.6346174091419804,-1.1140789702534677,-0.4931663982570171,-0.0499244481325149,0.3365807980298996,0.946536903083324,2.060615873336792,0.0051120471954345,0.4227038141636955,-1.2783255577087402,1.3449010848999023,0.4227347247802863,-0.6400720119476319,-0.2500873804092407,0.0229184627532958,0.2261862754821776,0.7767818689346313,1.4168538808822633,0.2723680555820465,0.5605824945204185,-1.052004873752594,1.456212043762207,0.6232472148869017,-0.7124020248651505,-0.1020918264985084,0.2766615152359009,0.6525026112794876,1.325555634498596,2.0379576593637467,0.9093275075790695,0.3781593293116817,0.153895650038187,2.027125120314769,0.9848253623792514,0.3570590690466005,0.6456267207482806,0.8524218407588748,1.1750164752737842,1.5332756881751262,1.1762166191285257,0.0064070551160111,0.0750879790105988,-0.2336557805538177,0.2737285047769546,0.0753608316511683,-0.1474835269853938,0.0628662143563825,-0.3231169283390045,-0.0115758870728313,0.1603232722955529,0.0119366032054531,0.0369241225503243,-0.0925460141152143,0.0822529420256614,0.038805583647148,0.1694901834705736,0.0645116858872624,0.0504973324423152,0.3301183402043414,0.1813523639462843,-0.0020262873721581,0.5199762423003887,-1.2067418699379064,1.6405108225064815,0.5199801903893524,-0.9190345267581188,0.9308149994266932,1.849849526184812,3,0.03,1.1177976127356994,96.9880994385424,3.288867990890555,27.03793983973472,NORMAL,95.csv,164.59,165.59,NORMAL,ANOMALY,0.5475180449410866,ANOMALY_RECORDING_SAFE_REGION
-0.1230267892777919,1.0099501493257912,-2.9730467796325684,2.347297430038452,1.0174157925858978,-1.9206032544374465,-0.820315420627594,-0.0913773179054259,0.3730380833148956,1.5237182736396788,3.444321528077125,-0.0218938279151916,0.5805255274066563,-1.819965124130249,1.2467503547668457,0.5809382305129837,-0.8915440797805786,-0.3616434335708618,-0.0034573078155517,0.3641959428787231,0.8976953744888305,1.789239454269409,0.2222020804882049,0.8300109151286453,-2.377580642700196,2.0947858095169067,0.8592391307464866,-1.243356052041054,-0.2735238261520862,0.2298711538314818,0.7430764511227608,1.4526077479124062,2.69596379995346,1.2999582208101106,0.6488641079832791,0.1706072398115355,3.169702758478464,1.4528991728543057,0.4672914982853763,0.8769451058371771,1.164134975798299,1.6360758310516976,2.581616881983008,2.1143253836976315,-0.0102151862743339,0.1350550152767621,-0.4300488010048866,0.3097084462642669,0.1354407884724014,0.1777561532432446,0.0768922405020039,-0.0004581488668918,0.3573558926582336,0.1936741249244561,-0.0432528915863949,0.0901507617118625,-0.2788597717881202,0.1709810495376587,0.0999898618251543,0.2414762266548,0.0868393820547611,0.0902016368469947,0.5180680328279917,0.2566161458581535,-0.002199413655715,0.7345063677125103,-2.2410685395366805,1.603423992757562,0.7345096606789147,-1.2701766522413416,1.122436388715882,2.3926130409572237,5,0.05,1.869744537668353,211.0916006480725,6.585184631509312,53.95044416306544,NORMAL,102.csv,191.05,192.05,NORMAL,ANOMALY,0.8012025012025012,ANOMALY_RECORDING_SAFE_REGION
